2025-04-13 21:14:10.944 | INFO     | aisleep.api.main:<module>:180 - Prometheus metrics enabled
2025-04-13 21:16:58.663 | INFO     | aisleep.api.main:<module>:180 - Prometheus metrics enabled
2025-04-13 21:32:25.882 | INFO     | aisleep.api.main:<module>:181 - Prometheus metrics enabled
2025-04-13 21:35:20.751 | INFO     | aisleep.api.main:<module>:181 - Prometheus metrics enabled
2025-04-13 21:38:25.954 | INFO     | aisleep.api.main:<module>:186 - Prometheus metrics enabled
2025-04-13 21:38:25.990 | INFO     | aisleep.api.main:combined_middleware:293 - POST /api/v1/predict - 404
2025-04-13 21:44:24.972 | INFO     | aisleep.api.main:<module>:186 - Prometheus metrics enabled
2025-04-13 21:44:25.004 | INFO     | aisleep.api.main:combined_middleware:293 - POST /api/v1/predict - 404
2025-04-14 09:09:37.055 | INFO     | aisleep.api.main:<module>:186 - Prometheus metrics enabled
2025-04-14 09:09:37.107 | INFO     | aisleep.api.main:combined_middleware:293 - POST /api/v1/predict - 404
2025-04-14 09:33:09.390 | INFO     | aisleep.api.main:<module>:195 - Prometheus metrics enabled
2025-04-14 09:33:09.417 | INFO     | aisleep.api.main:combined_middleware:302 - POST /api/v1/predict - 404
2025-04-14 09:33:09.679 | INFO     | aisleep.api.main:combined_middleware:302 - POST /predict - 404
2025-04-14 09:33:09.693 | INFO     | aisleep.api.main:combined_middleware:302 - POST /predict - 404
2025-04-14 09:33:09.705 | INFO     | aisleep.api.main:combined_middleware:302 - GET / - 404
2025-04-14 09:38:24.729 | INFO     | aisleep.api.main:<module>:195 - Prometheus metrics enabled
2025-04-14 09:38:24.755 | INFO     | aisleep.api.main:combined_middleware:302 - POST /api/v1/predict - 404
2025-04-14 09:38:25.031 | INFO     | aisleep.api.main:combined_middleware:302 - POST /api/v1/predict - 404
2025-04-14 09:38:25.044 | INFO     | aisleep.api.main:combined_middleware:302 - POST /api/v1/predict - 404
2025-04-14 09:38:25.057 | INFO     | aisleep.api.main:combined_middleware:302 - GET / - 404
2025-04-14 11:01:17.380 | INFO     | aisleep.api.main:<module>:195 - Prometheus metrics enabled
2025-04-14 11:01:17.386 | INFO     | aisleep.api.main:lifespan:108 - Starting system...
2025-04-14 11:01:17.386 | INFO     | aisleep.api.main:lifespan:111 - 正在初始化Redis缓存...
2025-04-14 11:01:17.387 | INFO     | aisleep.api.main:lifespan:113 - 正在加载模型...
2025-04-14 11:01:17.407 | WARNING  | aisleep.api.main:lifespan:122 - CUDA设备未找到，将使用CPU进行推理
2025-04-14 11:01:17.408 | INFO     | aisleep.api.main:lifespan:127 - Model loaded successfully
2025-04-14 11:01:17.409 | INFO     | aisleep.api.main:lifespan:131 - System initialized
2025-04-14 11:04:35.245 | INFO     | aisleep.api.main:lifespan:140 - System shutdown
2025-04-14 11:04:56.352 | INFO     | aisleep.api.main:<module>:195 - Prometheus metrics enabled
2025-04-14 11:04:56.358 | INFO     | aisleep.api.main:lifespan:108 - Starting system...
2025-04-14 11:04:56.358 | INFO     | aisleep.api.main:lifespan:111 - 正在初始化Redis缓存...
2025-04-14 11:04:56.359 | INFO     | aisleep.api.main:lifespan:113 - 正在加载模型...
2025-04-14 11:04:56.363 | WARNING  | aisleep.api.main:lifespan:122 - CUDA设备未找到，将使用CPU进行推理
2025-04-14 11:04:56.364 | INFO     | aisleep.api.main:lifespan:127 - Model loaded successfully
2025-04-14 11:04:56.366 | INFO     | aisleep.api.main:lifespan:131 - System initialized
2025-04-14 11:06:21.250 | INFO     | aisleep.api.main:combined_middleware:302 - POST /api/v1/predict - 404
2025-04-14 11:06:51.086 | INFO     | aisleep.api.main:combined_middleware:302 - POST /api/v1/predict - 404
2025-04-14 11:14:22.555 | INFO     | aisleep.api.main:lifespan:140 - System shutdown
2025-04-14 11:14:26.552 | INFO     | aisleep.api.main:<module>:198 - Prometheus metrics enabled
2025-04-14 11:14:26.558 | INFO     | aisleep.api.main:lifespan:111 - Starting system...
2025-04-14 11:14:26.558 | INFO     | aisleep.api.main:lifespan:114 - 正在初始化Redis缓存...
2025-04-14 11:14:26.558 | INFO     | aisleep.api.main:lifespan:116 - 正在加载模型...
2025-04-14 11:14:26.564 | WARNING  | aisleep.api.main:lifespan:125 - CUDA设备未找到，将使用CPU进行推理
2025-04-14 11:14:26.565 | INFO     | aisleep.api.main:lifespan:130 - Model loaded successfully
2025-04-14 11:14:26.566 | INFO     | aisleep.api.main:lifespan:134 - System initialized
2025-04-14 11:14:26.567 | INFO     | aisleep.api.main:lifespan:143 - System shutdown
2025-04-14 11:14:34.432 | INFO     | aisleep.api.main:<module>:198 - Prometheus metrics enabled
2025-04-14 11:14:34.437 | INFO     | aisleep.api.main:lifespan:111 - Starting system...
2025-04-14 11:14:34.437 | INFO     | aisleep.api.main:lifespan:114 - 正在初始化Redis缓存...
2025-04-14 11:14:34.437 | INFO     | aisleep.api.main:lifespan:116 - 正在加载模型...
2025-04-14 11:14:34.441 | WARNING  | aisleep.api.main:lifespan:125 - CUDA设备未找到，将使用CPU进行推理
2025-04-14 11:14:34.443 | INFO     | aisleep.api.main:lifespan:130 - Model loaded successfully
2025-04-14 11:14:34.444 | INFO     | aisleep.api.main:lifespan:134 - System initialized
2025-04-14 11:15:54.151 | INFO     | aisleep.api.main:combined_middleware:305 - POST /api/v1/predict - 404
2025-04-14 11:21:02.068 | INFO     | aisleep.api.main:combined_middleware:305 - POST /api/v1/predict - 404
2025-04-14 11:21:02.197 | INFO     | aisleep.api.main:lifespan:143 - System shutdown
2025-04-14 11:21:24.316 | INFO     | aisleep.api.main:<module>:194 - Prometheus metrics enabled
2025-04-14 11:21:24.364 | INFO     | aisleep.api.main:lifespan:107 - Starting system...
2025-04-14 11:21:24.369 | INFO     | aisleep.api.main:lifespan:110 - 正在初始化Redis缓存...
2025-04-14 11:21:24.375 | INFO     | aisleep.api.main:lifespan:112 - 正在加载模型...
2025-04-14 11:21:24.397 | WARNING  | aisleep.api.main:lifespan:121 - CUDA设备未找到，将使用CPU进行推理
2025-04-14 11:21:24.403 | INFO     | aisleep.api.main:lifespan:126 - Model loaded successfully
2025-04-14 11:21:24.418 | INFO     | aisleep.api.main:lifespan:130 - System initialized
2025-04-14 11:26:53.988 | INFO     | aisleep.api.main:combined_middleware:301 - POST /api/v1/predict - 404
2025-04-14 11:26:54.185 | INFO     | aisleep.api.main:lifespan:139 - System shutdown
2025-04-14 11:26:58.198 | INFO     | aisleep.api.main:<module>:194 - Prometheus metrics enabled
2025-04-14 11:26:58.204 | INFO     | aisleep.api.main:lifespan:107 - Starting system...
2025-04-14 11:26:58.204 | INFO     | aisleep.api.main:lifespan:110 - 正在初始化Redis缓存...
2025-04-14 11:26:58.204 | INFO     | aisleep.api.main:lifespan:112 - 正在加载模型...
2025-04-14 11:26:58.209 | WARNING  | aisleep.api.main:lifespan:121 - CUDA设备未找到，将使用CPU进行推理
2025-04-14 11:26:58.209 | INFO     | aisleep.api.main:lifespan:126 - Model loaded successfully
2025-04-14 11:26:58.211 | INFO     | aisleep.api.main:lifespan:130 - System initialized
2025-04-14 11:28:26.683 | INFO     | aisleep.api.main:combined_middleware:301 - POST /api/v1/predict - 404
2025-04-14 11:28:26.849 | INFO     | aisleep.api.main:lifespan:139 - System shutdown
2025-04-14 11:28:57.398 | INFO     | aisleep.api.main:<module>:194 - Prometheus metrics enabled
2025-04-14 11:28:57.444 | INFO     | aisleep.api.main:lifespan:107 - Starting system...
2025-04-14 11:28:57.460 | INFO     | aisleep.api.main:lifespan:110 - 正在初始化Redis缓存...
2025-04-14 11:28:57.465 | INFO     | aisleep.api.main:lifespan:112 - 正在加载模型...
2025-04-14 11:28:57.494 | WARNING  | aisleep.api.main:lifespan:121 - CUDA设备未找到，将使用CPU进行推理
2025-04-14 11:28:57.495 | INFO     | aisleep.api.main:lifespan:126 - Model loaded successfully
2025-04-14 11:28:57.510 | INFO     | aisleep.api.main:lifespan:130 - System initialized
2025-04-14 11:28:57.523 | INFO     | aisleep.api.main:lifespan:139 - System shutdown
2025-04-14 11:29:12.362 | INFO     | aisleep.api.main:<module>:194 - Prometheus metrics enabled
2025-04-14 11:29:12.374 | INFO     | aisleep.api.main:lifespan:107 - Starting system...
2025-04-14 11:29:12.375 | INFO     | aisleep.api.main:lifespan:110 - 正在初始化Redis缓存...
2025-04-14 11:29:12.376 | INFO     | aisleep.api.main:lifespan:112 - 正在加载模型...
2025-04-14 11:29:12.388 | WARNING  | aisleep.api.main:lifespan:121 - CUDA设备未找到，将使用CPU进行推理
2025-04-14 11:29:12.388 | INFO     | aisleep.api.main:lifespan:126 - Model loaded successfully
2025-04-14 11:29:12.392 | INFO     | aisleep.api.main:lifespan:130 - System initialized
2025-04-14 11:30:41.419 | INFO     | aisleep.api.main:combined_middleware:301 - POST /api/v1/predict - 404
2025-04-14 11:30:41.564 | INFO     | aisleep.api.main:lifespan:139 - System shutdown
2025-04-14 11:30:46.682 | INFO     | aisleep.api.main:<module>:194 - Prometheus metrics enabled
2025-04-14 11:30:46.688 | INFO     | aisleep.api.main:lifespan:107 - Starting system...
2025-04-14 11:30:46.689 | INFO     | aisleep.api.main:lifespan:110 - 正在初始化Redis缓存...
2025-04-14 11:30:46.689 | INFO     | aisleep.api.main:lifespan:112 - 正在加载模型...
2025-04-14 11:30:46.696 | WARNING  | aisleep.api.main:lifespan:121 - CUDA设备未找到，将使用CPU进行推理
2025-04-14 11:30:46.696 | INFO     | aisleep.api.main:lifespan:126 - Model loaded successfully
2025-04-14 11:30:46.699 | INFO     | aisleep.api.main:lifespan:130 - System initialized
2025-04-14 11:30:46.699 | INFO     | aisleep.api.main:lifespan:139 - System shutdown
2025-04-14 11:30:52.210 | INFO     | aisleep.api.main:<module>:194 - Prometheus metrics enabled
2025-04-14 11:30:52.215 | INFO     | aisleep.api.main:lifespan:107 - Starting system...
2025-04-14 11:30:52.217 | INFO     | aisleep.api.main:lifespan:110 - 正在初始化Redis缓存...
2025-04-14 11:30:52.217 | INFO     | aisleep.api.main:lifespan:112 - 正在加载模型...
2025-04-14 11:30:52.223 | WARNING  | aisleep.api.main:lifespan:121 - CUDA设备未找到，将使用CPU进行推理
2025-04-14 11:30:52.223 | INFO     | aisleep.api.main:lifespan:126 - Model loaded successfully
2025-04-14 11:30:52.225 | INFO     | aisleep.api.main:lifespan:130 - System initialized
2025-04-14 11:32:12.819 | INFO     | aisleep.api.main:combined_middleware:300 - POST /api/v1/predict - 404
2025-04-14 11:32:12.961 | INFO     | aisleep.api.main:lifespan:139 - System shutdown
2025-04-14 11:32:18.131 | INFO     | aisleep.api.main:<module>:194 - Prometheus metrics enabled
2025-04-14 11:32:18.138 | INFO     | aisleep.api.main:lifespan:107 - Starting system...
2025-04-14 11:32:18.139 | INFO     | aisleep.api.main:lifespan:110 - 正在初始化Redis缓存...
2025-04-14 11:32:18.139 | INFO     | aisleep.api.main:lifespan:112 - 正在加载模型...
2025-04-14 11:32:18.146 | WARNING  | aisleep.api.main:lifespan:121 - CUDA设备未找到，将使用CPU进行推理
2025-04-14 11:32:18.146 | INFO     | aisleep.api.main:lifespan:126 - Model loaded successfully
2025-04-14 11:32:18.149 | INFO     | aisleep.api.main:lifespan:130 - System initialized
2025-04-14 11:32:18.150 | INFO     | aisleep.api.main:lifespan:139 - System shutdown
2025-04-14 11:32:23.471 | INFO     | aisleep.api.main:<module>:194 - Prometheus metrics enabled
2025-04-14 11:32:23.480 | INFO     | aisleep.api.main:lifespan:107 - Starting system...
2025-04-14 11:32:23.480 | INFO     | aisleep.api.main:lifespan:110 - 正在初始化Redis缓存...
2025-04-14 11:32:23.481 | INFO     | aisleep.api.main:lifespan:112 - 正在加载模型...
2025-04-14 11:32:23.490 | WARNING  | aisleep.api.main:lifespan:121 - CUDA设备未找到，将使用CPU进行推理
2025-04-14 11:32:23.490 | INFO     | aisleep.api.main:lifespan:126 - Model loaded successfully
2025-04-14 11:32:23.493 | INFO     | aisleep.api.main:lifespan:130 - System initialized
2025-04-14 11:35:28.863 | INFO     | aisleep.api.main:combined_middleware:300 - POST /api/v1/predict - 404
2025-04-14 11:35:29.071 | INFO     | aisleep.api.main:lifespan:139 - System shutdown
2025-04-14 11:35:33.082 | INFO     | aisleep.api.main:<module>:194 - Prometheus metrics enabled
2025-04-14 11:35:33.086 | INFO     | aisleep.api.main:lifespan:107 - Starting system...
2025-04-14 11:35:33.087 | INFO     | aisleep.api.main:lifespan:110 - 正在初始化Redis缓存...
2025-04-14 11:35:33.087 | INFO     | aisleep.api.main:lifespan:112 - 正在加载模型...
2025-04-14 11:35:33.091 | WARNING  | aisleep.api.main:lifespan:121 - CUDA设备未找到，将使用CPU进行推理
2025-04-14 11:35:33.092 | INFO     | aisleep.api.main:lifespan:126 - Model loaded successfully
2025-04-14 11:35:33.093 | INFO     | aisleep.api.main:lifespan:130 - System initialized
2025-04-14 11:37:09.178 | INFO     | aisleep.api.main:combined_middleware:300 - POST /api/v1/predict - 404
2025-04-14 11:37:09.371 | INFO     | aisleep.api.main:lifespan:139 - System shutdown
2025-04-14 11:37:13.257 | INFO     | aisleep.api.main:<module>:194 - Prometheus metrics enabled
2025-04-14 11:37:13.262 | INFO     | aisleep.api.main:lifespan:107 - Starting system...
2025-04-14 11:37:13.263 | INFO     | aisleep.api.main:lifespan:110 - 正在初始化Redis缓存...
2025-04-14 11:37:13.263 | INFO     | aisleep.api.main:lifespan:112 - 正在加载模型...
2025-04-14 11:37:13.267 | WARNING  | aisleep.api.main:lifespan:121 - CUDA设备未找到，将使用CPU进行推理
2025-04-14 11:37:13.267 | INFO     | aisleep.api.main:lifespan:126 - Model loaded successfully
2025-04-14 11:37:13.268 | INFO     | aisleep.api.main:lifespan:130 - System initialized
2025-04-14 11:37:33.065 | INFO     | aisleep.api.main:combined_middleware:300 - POST /api/v1/predict - 404
2025-04-14 11:37:33.250 | INFO     | aisleep.api.main:lifespan:139 - System shutdown
2025-04-14 11:37:37.288 | INFO     | aisleep.api.main:<module>:194 - Prometheus metrics enabled
2025-04-14 11:37:37.295 | INFO     | aisleep.api.main:lifespan:107 - Starting system...
2025-04-14 11:37:37.295 | INFO     | aisleep.api.main:lifespan:110 - 正在初始化Redis缓存...
2025-04-14 11:37:37.295 | INFO     | aisleep.api.main:lifespan:112 - 正在加载模型...
2025-04-14 11:37:37.301 | WARNING  | aisleep.api.main:lifespan:121 - CUDA设备未找到，将使用CPU进行推理
2025-04-14 11:37:37.301 | INFO     | aisleep.api.main:lifespan:126 - Model loaded successfully
2025-04-14 11:37:37.303 | INFO     | aisleep.api.main:lifespan:130 - System initialized
2025-04-14 11:38:08.934 | INFO     | aisleep.api.main:combined_middleware:300 - POST /api/v1/predict - 404
2025-04-14 11:41:45.610 | INFO     | aisleep.api.main:combined_middleware:300 - POST /api/v1/predict - 404
2025-04-14 11:41:45.771 | INFO     | aisleep.api.main:lifespan:139 - System shutdown
2025-04-14 11:41:49.639 | INFO     | aisleep.api.main:<module>:195 - Prometheus metrics enabled
2025-04-14 11:41:49.646 | INFO     | aisleep.api.main:lifespan:107 - Starting system...
2025-04-14 11:41:49.646 | INFO     | aisleep.api.main:lifespan:110 - 正在初始化Redis缓存...
2025-04-14 11:41:49.647 | INFO     | aisleep.api.main:lifespan:112 - 正在加载模型...
2025-04-14 11:41:49.651 | WARNING  | aisleep.api.main:lifespan:121 - CUDA设备未找到，将使用CPU进行推理
2025-04-14 11:41:49.651 | INFO     | aisleep.api.main:lifespan:126 - Model loaded successfully
2025-04-14 11:41:49.652 | INFO     | aisleep.api.main:lifespan:130 - System initialized
2025-04-14 11:46:46.415 | INFO     | aisleep.api.main:lifespan:139 - System shutdown
2025-04-14 11:46:50.514 | INFO     | aisleep.api.main:<module>:195 - Prometheus metrics enabled
2025-04-14 11:46:50.524 | INFO     | aisleep.api.main:lifespan:107 - Starting system...
2025-04-14 11:46:50.524 | INFO     | aisleep.api.main:lifespan:110 - 正在初始化Redis缓存...
2025-04-14 11:46:50.525 | INFO     | aisleep.api.main:lifespan:112 - 正在加载模型...
2025-04-14 11:46:50.530 | WARNING  | aisleep.api.main:lifespan:121 - CUDA设备未找到，将使用CPU进行推理
2025-04-14 11:46:50.531 | INFO     | aisleep.api.main:lifespan:126 - Model loaded successfully
2025-04-14 11:46:50.533 | INFO     | aisleep.api.main:lifespan:130 - System initialized
2025-04-14 11:46:56.853 | INFO     | aisleep.api.main:<module>:195 - Prometheus metrics enabled
2025-04-14 11:46:56.860 | INFO     | aisleep.api.main:lifespan:107 - Starting system...
2025-04-14 11:46:56.860 | INFO     | aisleep.api.main:lifespan:110 - 正在初始化Redis缓存...
2025-04-14 11:46:56.860 | INFO     | aisleep.api.main:lifespan:112 - 正在加载模型...
2025-04-14 11:46:56.864 | WARNING  | aisleep.api.main:lifespan:121 - CUDA设备未找到，将使用CPU进行推理
2025-04-14 11:46:56.865 | INFO     | aisleep.api.main:lifespan:126 - Model loaded successfully
2025-04-14 11:46:56.867 | INFO     | aisleep.api.main:lifespan:130 - System initialized
2025-04-14 11:51:35.692 | ERROR    | aisleep.api.main:combined_middleware:295 - 请求错误: Could not infer dtype of ellipsis
2025-04-14 11:55:38.594 | ERROR    | aisleep.api.main:combined_middleware:295 - 请求错误: Could not infer dtype of ellipsis
2025-04-14 11:55:38.821 | INFO     | aisleep.api.main:lifespan:139 - System shutdown
2025-04-14 11:55:42.690 | INFO     | aisleep.api.main:<module>:195 - Prometheus metrics enabled
2025-04-14 11:55:42.694 | INFO     | aisleep.api.main:lifespan:107 - Starting system...
2025-04-14 11:55:42.694 | INFO     | aisleep.api.main:lifespan:110 - 正在初始化Redis缓存...
2025-04-14 11:55:42.695 | INFO     | aisleep.api.main:lifespan:112 - 正在加载模型...
2025-04-14 11:55:42.699 | WARNING  | aisleep.api.main:lifespan:121 - CUDA设备未找到，将使用CPU进行推理
2025-04-14 11:55:42.699 | INFO     | aisleep.api.main:lifespan:126 - Model loaded successfully
2025-04-14 11:55:42.701 | INFO     | aisleep.api.main:lifespan:130 - System initialized
2025-04-14 11:55:57.698 | INFO     | aisleep.api.main:combined_middleware:301 - POST /api/v1/predict - 404
2025-04-14 11:55:57.865 | INFO     | aisleep.api.main:lifespan:139 - System shutdown
2025-04-14 11:56:01.841 | INFO     | aisleep.api.main:<module>:195 - Prometheus metrics enabled
2025-04-14 11:56:01.846 | INFO     | aisleep.api.main:lifespan:107 - Starting system...
2025-04-14 11:56:01.846 | INFO     | aisleep.api.main:lifespan:110 - 正在初始化Redis缓存...
2025-04-14 11:56:01.846 | INFO     | aisleep.api.main:lifespan:112 - 正在加载模型...
2025-04-14 11:56:01.850 | WARNING  | aisleep.api.main:lifespan:121 - CUDA设备未找到，将使用CPU进行推理
2025-04-14 11:56:01.851 | INFO     | aisleep.api.main:lifespan:126 - Model loaded successfully
2025-04-14 11:56:01.852 | INFO     | aisleep.api.main:lifespan:130 - System initialized
2025-04-14 11:56:53.296 | INFO     | aisleep.api.main:lifespan:139 - System shutdown
2025-04-14 11:56:57.159 | INFO     | aisleep.api.main:<module>:195 - Prometheus metrics enabled
2025-04-14 11:56:57.165 | INFO     | aisleep.api.main:lifespan:107 - Starting system...
2025-04-14 11:56:57.166 | INFO     | aisleep.api.main:lifespan:110 - 正在初始化Redis缓存...
2025-04-14 11:56:57.166 | INFO     | aisleep.api.main:lifespan:112 - 正在加载模型...
2025-04-14 11:56:57.170 | WARNING  | aisleep.api.main:lifespan:121 - CUDA设备未找到，将使用CPU进行推理
2025-04-14 11:56:57.171 | INFO     | aisleep.api.main:lifespan:126 - Model loaded successfully
2025-04-14 11:56:57.172 | INFO     | aisleep.api.main:lifespan:130 - System initialized
2025-04-14 11:56:57.173 | INFO     | aisleep.api.main:lifespan:139 - System shutdown
2025-04-14 11:57:01.050 | INFO     | aisleep.api.main:<module>:195 - Prometheus metrics enabled
2025-04-14 11:57:01.055 | INFO     | aisleep.api.main:lifespan:107 - Starting system...
2025-04-14 11:57:01.056 | INFO     | aisleep.api.main:lifespan:110 - 正在初始化Redis缓存...
2025-04-14 11:57:01.056 | INFO     | aisleep.api.main:lifespan:112 - 正在加载模型...
2025-04-14 11:57:01.061 | WARNING  | aisleep.api.main:lifespan:121 - CUDA设备未找到，将使用CPU进行推理
2025-04-14 11:57:01.061 | INFO     | aisleep.api.main:lifespan:126 - Model loaded successfully
2025-04-14 11:57:01.063 | INFO     | aisleep.api.main:lifespan:130 - System initialized
2025-04-14 12:00:02.484 | INFO     | aisleep.api.main:combined_middleware:301 - POST /api/v1/predict - 404
2025-04-14 12:00:02.701 | INFO     | aisleep.api.main:lifespan:139 - System shutdown
2025-04-14 12:00:06.636 | INFO     | aisleep.api.main:<module>:195 - Prometheus metrics enabled
2025-04-14 12:00:06.642 | INFO     | aisleep.api.main:lifespan:107 - Starting system...
2025-04-14 12:00:06.643 | INFO     | aisleep.api.main:lifespan:110 - 正在初始化Redis缓存...
2025-04-14 12:00:06.643 | INFO     | aisleep.api.main:lifespan:112 - 正在加载模型...
2025-04-14 12:00:06.647 | WARNING  | aisleep.api.main:lifespan:121 - CUDA设备未找到，将使用CPU进行推理
2025-04-14 12:00:06.648 | INFO     | aisleep.api.main:lifespan:126 - Model loaded successfully
2025-04-14 12:00:06.649 | INFO     | aisleep.api.main:lifespan:130 - System initialized
2025-04-14 12:00:20.649 | ERROR    | aisleep.api.main:predict_sleep_stage:436 - 预测失败: name 'hr' is not defined
2025-04-14 12:00:20.650 | INFO     | aisleep.api.main:combined_middleware:301 - POST /api/v1/predict - 500
2025-04-14 12:00:20.759 | INFO     | aisleep.api.main:lifespan:139 - System shutdown
2025-04-14 12:00:24.715 | INFO     | aisleep.api.main:<module>:195 - Prometheus metrics enabled
2025-04-14 12:00:24.721 | INFO     | aisleep.api.main:lifespan:107 - Starting system...
2025-04-14 12:00:24.722 | INFO     | aisleep.api.main:lifespan:110 - 正在初始化Redis缓存...
2025-04-14 12:00:24.722 | INFO     | aisleep.api.main:lifespan:112 - 正在加载模型...
2025-04-14 12:00:24.726 | WARNING  | aisleep.api.main:lifespan:121 - CUDA设备未找到，将使用CPU进行推理
2025-04-14 12:00:24.727 | INFO     | aisleep.api.main:lifespan:126 - Model loaded successfully
2025-04-14 12:00:24.729 | INFO     | aisleep.api.main:lifespan:130 - System initialized
2025-04-14 12:01:57.766 | INFO     | aisleep.api.main:lifespan:139 - System shutdown
2025-04-14 12:02:01.769 | INFO     | aisleep.api.main:<module>:195 - Prometheus metrics enabled
2025-04-14 12:02:01.776 | INFO     | aisleep.api.main:lifespan:107 - Starting system...
2025-04-14 12:02:01.777 | INFO     | aisleep.api.main:lifespan:110 - 正在初始化Redis缓存...
2025-04-14 12:02:01.777 | INFO     | aisleep.api.main:lifespan:112 - 正在加载模型...
2025-04-14 12:02:01.781 | WARNING  | aisleep.api.main:lifespan:121 - CUDA设备未找到，将使用CPU进行推理
2025-04-14 12:02:01.781 | INFO     | aisleep.api.main:lifespan:126 - Model loaded successfully
2025-04-14 12:02:01.783 | INFO     | aisleep.api.main:lifespan:130 - System initialized
2025-04-14 12:02:01.784 | INFO     | aisleep.api.main:lifespan:139 - System shutdown
2025-04-14 12:02:05.744 | INFO     | aisleep.api.main:<module>:195 - Prometheus metrics enabled
2025-04-14 12:02:05.750 | INFO     | aisleep.api.main:lifespan:107 - Starting system...
2025-04-14 12:02:05.751 | INFO     | aisleep.api.main:lifespan:110 - 正在初始化Redis缓存...
2025-04-14 12:02:05.751 | INFO     | aisleep.api.main:lifespan:112 - 正在加载模型...
2025-04-14 12:02:05.755 | WARNING  | aisleep.api.main:lifespan:121 - CUDA设备未找到，将使用CPU进行推理
2025-04-14 12:02:05.756 | INFO     | aisleep.api.main:lifespan:126 - Model loaded successfully
2025-04-14 12:02:05.757 | INFO     | aisleep.api.main:lifespan:130 - System initialized
2025-04-14 12:02:13.241 | INFO     | aisleep.api.main:lifespan:139 - System shutdown
2025-04-14 12:02:17.149 | INFO     | aisleep.api.main:<module>:195 - Prometheus metrics enabled
2025-04-14 12:02:17.156 | INFO     | aisleep.api.main:lifespan:107 - Starting system...
2025-04-14 12:02:17.156 | INFO     | aisleep.api.main:lifespan:110 - 正在初始化Redis缓存...
2025-04-14 12:02:17.157 | INFO     | aisleep.api.main:lifespan:112 - 正在加载模型...
2025-04-14 12:02:17.161 | WARNING  | aisleep.api.main:lifespan:121 - CUDA设备未找到，将使用CPU进行推理
2025-04-14 12:02:17.162 | INFO     | aisleep.api.main:lifespan:126 - Model loaded successfully
2025-04-14 12:02:17.163 | INFO     | aisleep.api.main:lifespan:130 - System initialized
2025-04-14 12:02:22.391 | ERROR    | aisleep.api.main:predict_sleep_stage:410 - 模型推理失败: name 'hr' is not defined
2025-04-14 12:02:22.391 | ERROR    | aisleep.api.main:predict_sleep_stage:430 - 预测失败 - 完整错误信息: name 'hr' is not defined
2025-04-14 12:02:22.392 | INFO     | aisleep.api.main:combined_middleware:301 - POST /api/v1/predict - 500
2025-04-14 12:03:54.450 | ERROR    | aisleep.api.main:predict_sleep_stage:410 - 模型推理失败: name 'hr' is not defined
2025-04-14 12:03:54.451 | ERROR    | aisleep.api.main:predict_sleep_stage:430 - 预测失败 - 完整错误信息: name 'hr' is not defined
2025-04-14 12:03:54.452 | INFO     | aisleep.api.main:combined_middleware:301 - POST /api/v1/predict - 500
2025-04-14 12:04:14.546 | ERROR    | aisleep.api.main:predict_sleep_stage:410 - 模型推理失败: name 'hr' is not defined
2025-04-14 12:04:14.546 | ERROR    | aisleep.api.main:predict_sleep_stage:430 - 预测失败 - 完整错误信息: name 'hr' is not defined
2025-04-14 12:04:14.547 | INFO     | aisleep.api.main:combined_middleware:301 - POST /api/v1/predict - 500
2025-04-14 12:04:14.743 | INFO     | aisleep.api.main:lifespan:139 - System shutdown
2025-04-14 12:04:18.752 | INFO     | aisleep.api.main:<module>:195 - Prometheus metrics enabled
2025-04-14 12:04:18.758 | INFO     | aisleep.api.main:lifespan:107 - Starting system...
2025-04-14 12:04:18.758 | INFO     | aisleep.api.main:lifespan:110 - 正在初始化Redis缓存...
2025-04-14 12:04:18.758 | INFO     | aisleep.api.main:lifespan:112 - 正在加载模型...
2025-04-14 12:04:18.763 | WARNING  | aisleep.api.main:lifespan:121 - CUDA设备未找到，将使用CPU进行推理
2025-04-14 12:04:18.764 | INFO     | aisleep.api.main:lifespan:126 - Model loaded successfully
2025-04-14 12:04:18.765 | INFO     | aisleep.api.main:lifespan:130 - System initialized
2025-04-14 12:07:02.422 | INFO     | aisleep.api.main:lifespan:139 - System shutdown
2025-04-14 12:07:06.531 | INFO     | aisleep.api.main:<module>:195 - Prometheus metrics enabled
2025-04-14 12:07:06.537 | INFO     | aisleep.api.main:lifespan:107 - Starting system...
2025-04-14 12:07:06.538 | INFO     | aisleep.api.main:lifespan:110 - 正在初始化Redis缓存...
2025-04-14 12:07:06.538 | INFO     | aisleep.api.main:lifespan:112 - 正在加载模型...
2025-04-14 12:07:06.542 | WARNING  | aisleep.api.main:lifespan:121 - CUDA设备未找到，将使用CPU进行推理
2025-04-14 12:07:06.543 | INFO     | aisleep.api.main:lifespan:126 - Model loaded successfully
2025-04-14 12:07:06.544 | INFO     | aisleep.api.main:lifespan:130 - System initialized
2025-04-14 12:07:06.545 | INFO     | aisleep.api.main:lifespan:139 - System shutdown
2025-04-14 12:07:10.546 | INFO     | aisleep.api.main:<module>:195 - Prometheus metrics enabled
2025-04-14 12:07:10.554 | INFO     | aisleep.api.main:lifespan:107 - Starting system...
2025-04-14 12:07:10.554 | INFO     | aisleep.api.main:lifespan:110 - 正在初始化Redis缓存...
2025-04-14 12:07:10.554 | INFO     | aisleep.api.main:lifespan:112 - 正在加载模型...
2025-04-14 12:07:10.559 | WARNING  | aisleep.api.main:lifespan:121 - CUDA设备未找到，将使用CPU进行推理
2025-04-14 12:07:10.559 | INFO     | aisleep.api.main:lifespan:126 - Model loaded successfully
2025-04-14 12:07:10.561 | INFO     | aisleep.api.main:lifespan:130 - System initialized
2025-04-14 12:07:54.661 | DEBUG    | aisleep.api.main:predict_sleep_stage:373 - 输入信号验证通过，信号长度: 3000
2025-04-14 12:07:54.662 | DEBUG    | aisleep.api.main:predict_sleep_stage:391 - 特征提取完成，频谱长度: 1500
2025-04-14 12:07:54.662 | DEBUG    | aisleep.api.main:predict_sleep_stage:403 - 输入张量形状: torch.Size([3000])
2025-04-14 12:07:54.663 | DEBUG    | aisleep.api.main:predict_sleep_stage:408 - 调整后张量形状: torch.Size([1, 1, 3000])
2025-04-14 12:07:54.679 | ERROR    | aisleep.api.main:predict_sleep_stage:419 - 模型推理失败: name 'hr' is not defined
2025-04-14 12:07:54.679 | ERROR    | aisleep.api.main:predict_sleep_stage:439 - 预测失败 - 完整错误信息: name 'hr' is not defined
2025-04-14 12:07:54.680 | INFO     | aisleep.api.main:combined_middleware:301 - POST /api/v1/predict - 500
2025-04-14 12:07:54.845 | INFO     | aisleep.api.main:lifespan:139 - System shutdown
2025-04-14 12:07:58.715 | INFO     | aisleep.api.main:<module>:195 - Prometheus metrics enabled
2025-04-14 12:07:58.722 | INFO     | aisleep.api.main:lifespan:107 - Starting system...
2025-04-14 12:07:58.722 | INFO     | aisleep.api.main:lifespan:110 - 正在初始化Redis缓存...
2025-04-14 12:07:58.722 | INFO     | aisleep.api.main:lifespan:112 - 正在加载模型...
2025-04-14 12:07:58.727 | WARNING  | aisleep.api.main:lifespan:121 - CUDA设备未找到，将使用CPU进行推理
2025-04-14 12:07:58.727 | INFO     | aisleep.api.main:lifespan:126 - Model loaded successfully
2025-04-14 12:07:58.729 | INFO     | aisleep.api.main:lifespan:130 - System initialized
2025-04-14 12:12:07.106 | INFO     | aisleep.api.main:lifespan:139 - System shutdown
2025-04-14 12:12:11.118 | INFO     | aisleep.api.main:<module>:195 - Prometheus metrics enabled
2025-04-14 12:12:11.124 | INFO     | aisleep.api.main:lifespan:107 - Starting system...
2025-04-14 12:12:11.125 | INFO     | aisleep.api.main:lifespan:110 - 正在初始化Redis缓存...
2025-04-14 12:12:11.125 | INFO     | aisleep.api.main:lifespan:112 - 正在加载模型...
2025-04-14 12:12:11.129 | WARNING  | aisleep.api.main:lifespan:121 - CUDA设备未找到，将使用CPU进行推理
2025-04-14 12:12:11.130 | INFO     | aisleep.api.main:lifespan:126 - Model loaded successfully
2025-04-14 12:12:11.132 | INFO     | aisleep.api.main:lifespan:130 - System initialized
2025-04-14 12:12:11.133 | INFO     | aisleep.api.main:lifespan:139 - System shutdown
2025-04-14 12:12:15.133 | INFO     | aisleep.api.main:<module>:195 - Prometheus metrics enabled
2025-04-14 12:12:15.141 | INFO     | aisleep.api.main:lifespan:107 - Starting system...
2025-04-14 12:12:15.142 | INFO     | aisleep.api.main:lifespan:110 - 正在初始化Redis缓存...
2025-04-14 12:12:15.142 | INFO     | aisleep.api.main:lifespan:112 - 正在加载模型...
2025-04-14 12:12:15.148 | WARNING  | aisleep.api.main:lifespan:121 - CUDA设备未找到，将使用CPU进行推理
2025-04-14 12:12:15.149 | INFO     | aisleep.api.main:lifespan:126 - Model loaded successfully
2025-04-14 12:12:15.150 | INFO     | aisleep.api.main:lifespan:130 - System initialized
2025-04-14 12:12:55.485 | INFO     | aisleep.api.main:lifespan:139 - System shutdown
2025-04-14 12:12:59.510 | INFO     | aisleep.api.main:<module>:195 - Prometheus metrics enabled
2025-04-14 12:12:59.520 | INFO     | aisleep.api.main:lifespan:107 - Starting system...
2025-04-14 12:12:59.521 | INFO     | aisleep.api.main:lifespan:110 - 正在初始化Redis缓存...
2025-04-14 12:12:59.521 | INFO     | aisleep.api.main:lifespan:112 - 正在加载模型...
2025-04-14 12:12:59.525 | WARNING  | aisleep.api.main:lifespan:121 - CUDA设备未找到，将使用CPU进行推理
2025-04-14 12:12:59.525 | INFO     | aisleep.api.main:lifespan:126 - Model loaded successfully
2025-04-14 12:12:59.527 | INFO     | aisleep.api.main:lifespan:130 - System initialized
2025-04-14 12:12:59.527 | INFO     | aisleep.api.main:lifespan:139 - System shutdown
2025-04-14 12:13:03.577 | INFO     | aisleep.api.main:<module>:195 - Prometheus metrics enabled
2025-04-14 12:13:03.584 | INFO     | aisleep.api.main:lifespan:107 - Starting system...
2025-04-14 12:13:03.584 | INFO     | aisleep.api.main:lifespan:110 - 正在初始化Redis缓存...
2025-04-14 12:13:03.584 | INFO     | aisleep.api.main:lifespan:112 - 正在加载模型...
2025-04-14 12:13:03.588 | WARNING  | aisleep.api.main:lifespan:121 - CUDA设备未找到，将使用CPU进行推理
2025-04-14 12:13:03.589 | INFO     | aisleep.api.main:lifespan:126 - Model loaded successfully
2025-04-14 12:13:03.591 | INFO     | aisleep.api.main:lifespan:130 - System initialized
2025-04-14 12:14:16.473 | DEBUG    | aisleep.api.main:predict_sleep_stage:379 - 输入信号验证通过，信号长度: 3000
2025-04-14 12:14:16.474 | DEBUG    | aisleep.api.main:predict_sleep_stage:380 - 心率值: 0.0
2025-04-14 12:14:16.476 | DEBUG    | aisleep.api.main:predict_sleep_stage:398 - 特征提取完成，频谱长度: 1500
2025-04-14 12:14:16.476 | DEBUG    | aisleep.api.main:predict_sleep_stage:410 - 输入张量形状: torch.Size([3000])
2025-04-14 12:14:16.477 | DEBUG    | aisleep.api.main:predict_sleep_stage:415 - 调整后张量形状: torch.Size([1, 1, 3000])
2025-04-14 12:14:16.491 | ERROR    | aisleep.api.main:predict_sleep_stage:426 - 模型推理失败: name 'hr' is not defined
2025-04-14 12:14:16.492 | ERROR    | aisleep.api.main:predict_sleep_stage:448 - 预测失败 - 完整错误信息: name 'hr' is not defined
2025-04-14 12:14:16.493 | INFO     | aisleep.api.main:combined_middleware:307 - POST /api/v1/predict - 500
2025-04-14 12:14:16.675 | INFO     | aisleep.api.main:lifespan:139 - System shutdown
2025-04-14 12:14:20.704 | INFO     | aisleep.api.main:<module>:195 - Prometheus metrics enabled
2025-04-14 12:14:20.710 | INFO     | aisleep.api.main:lifespan:107 - Starting system...
2025-04-14 12:14:20.711 | INFO     | aisleep.api.main:lifespan:110 - 正在初始化Redis缓存...
2025-04-14 12:14:20.711 | INFO     | aisleep.api.main:lifespan:112 - 正在加载模型...
2025-04-14 12:14:20.716 | WARNING  | aisleep.api.main:lifespan:121 - CUDA设备未找到，将使用CPU进行推理
2025-04-14 12:14:20.716 | INFO     | aisleep.api.main:lifespan:126 - Model loaded successfully
2025-04-14 12:14:20.717 | INFO     | aisleep.api.main:lifespan:130 - System initialized
2025-04-14 12:14:20.718 | INFO     | aisleep.api.main:lifespan:139 - System shutdown
2025-04-14 12:14:24.632 | INFO     | aisleep.api.main:<module>:195 - Prometheus metrics enabled
2025-04-14 12:14:24.639 | INFO     | aisleep.api.main:lifespan:107 - Starting system...
2025-04-14 12:14:24.639 | INFO     | aisleep.api.main:lifespan:110 - 正在初始化Redis缓存...
2025-04-14 12:14:24.639 | INFO     | aisleep.api.main:lifespan:112 - 正在加载模型...
2025-04-14 12:14:24.644 | WARNING  | aisleep.api.main:lifespan:121 - CUDA设备未找到，将使用CPU进行推理
2025-04-14 12:14:24.644 | INFO     | aisleep.api.main:lifespan:126 - Model loaded successfully
2025-04-14 12:14:24.647 | INFO     | aisleep.api.main:lifespan:130 - System initialized
2025-04-14 12:17:11.700 | INFO     | aisleep.api.main:lifespan:139 - System shutdown
2025-04-14 12:17:15.701 | INFO     | aisleep.api.main:<module>:195 - Prometheus metrics enabled
2025-04-14 12:17:15.709 | INFO     | aisleep.api.main:lifespan:107 - Starting system...
2025-04-14 12:17:15.709 | INFO     | aisleep.api.main:lifespan:110 - 正在初始化Redis缓存...
2025-04-14 12:17:15.710 | INFO     | aisleep.api.main:lifespan:112 - 正在加载模型...
2025-04-14 12:17:15.715 | WARNING  | aisleep.api.main:lifespan:121 - CUDA设备未找到，将使用CPU进行推理
2025-04-14 12:17:15.715 | INFO     | aisleep.api.main:lifespan:126 - Model loaded successfully
2025-04-14 12:17:15.717 | INFO     | aisleep.api.main:lifespan:130 - System initialized
2025-04-14 12:17:15.718 | INFO     | aisleep.api.main:lifespan:139 - System shutdown
2025-04-14 12:17:19.728 | INFO     | aisleep.api.main:<module>:195 - Prometheus metrics enabled
2025-04-14 12:17:19.735 | INFO     | aisleep.api.main:lifespan:107 - Starting system...
2025-04-14 12:17:19.735 | INFO     | aisleep.api.main:lifespan:110 - 正在初始化Redis缓存...
2025-04-14 12:17:19.735 | INFO     | aisleep.api.main:lifespan:112 - 正在加载模型...
2025-04-14 12:17:19.740 | WARNING  | aisleep.api.main:lifespan:121 - CUDA设备未找到，将使用CPU进行推理
2025-04-14 12:17:19.740 | INFO     | aisleep.api.main:lifespan:126 - Model loaded successfully
2025-04-14 12:17:19.742 | INFO     | aisleep.api.main:lifespan:130 - System initialized
2025-04-14 12:28:05.879 | DEBUG    | aisleep.api.main:predict_sleep_stage:379 - 输入信号验证通过，信号长度: 3000
2025-04-14 12:28:05.879 | DEBUG    | aisleep.api.main:predict_sleep_stage:380 - 心率值: 0.0
2025-04-14 12:28:05.881 | DEBUG    | aisleep.api.main:predict_sleep_stage:398 - 特征提取完成，频谱长度: 1500
2025-04-14 12:28:05.881 | DEBUG    | aisleep.api.main:predict_sleep_stage:410 - 输入张量形状: torch.Size([3000])
2025-04-14 12:28:05.882 | DEBUG    | aisleep.api.main:predict_sleep_stage:415 - 调整后张量形状: torch.Size([1, 1, 3000])
2025-04-14 12:28:05.897 | ERROR    | aisleep.api.main:predict_sleep_stage:426 - 模型推理失败: name 'hr' is not defined
2025-04-14 12:28:05.898 | ERROR    | aisleep.api.main:predict_sleep_stage:448 - 预测失败 - 完整错误信息: name 'hr' is not defined
2025-04-14 12:28:05.899 | INFO     | aisleep.api.main:combined_middleware:307 - POST /api/v1/predict - 500
2025-04-14 12:28:06.082 | INFO     | aisleep.api.main:lifespan:139 - System shutdown
2025-04-14 12:28:10.187 | INFO     | aisleep.api.main:<module>:195 - Prometheus metrics enabled
2025-04-14 12:28:10.194 | INFO     | aisleep.api.main:lifespan:107 - Starting system...
2025-04-14 12:28:10.194 | INFO     | aisleep.api.main:lifespan:110 - 正在初始化Redis缓存...
2025-04-14 12:28:10.194 | INFO     | aisleep.api.main:lifespan:112 - 正在加载模型...
2025-04-14 12:28:10.199 | WARNING  | aisleep.api.main:lifespan:121 - CUDA设备未找到，将使用CPU进行推理
2025-04-14 12:28:10.199 | INFO     | aisleep.api.main:lifespan:126 - Model loaded successfully
2025-04-14 12:28:10.201 | INFO     | aisleep.api.main:lifespan:130 - System initialized
2025-04-14 12:28:19.726 | DEBUG    | aisleep.api.main:predict_sleep_stage:379 - 输入信号验证通过，信号长度: 3000
2025-04-14 12:28:19.727 | DEBUG    | aisleep.api.main:predict_sleep_stage:380 - 心率值: 0.0
2025-04-14 12:28:19.728 | DEBUG    | aisleep.api.main:predict_sleep_stage:398 - 特征提取完成，频谱长度: 1500
2025-04-14 12:28:19.729 | DEBUG    | aisleep.api.main:predict_sleep_stage:410 - 输入张量形状: torch.Size([3000])
2025-04-14 12:28:19.729 | DEBUG    | aisleep.api.main:predict_sleep_stage:415 - 调整后张量形状: torch.Size([1, 1, 3000])
2025-04-14 12:28:19.744 | ERROR    | aisleep.api.main:predict_sleep_stage:426 - 模型推理失败: name 'hr' is not defined
2025-04-14 12:28:19.745 | ERROR    | aisleep.api.main:predict_sleep_stage:447 - 预测失败 - 完整错误信息: name 'hr' is not defined
2025-04-14 12:28:19.746 | INFO     | aisleep.api.main:combined_middleware:307 - POST /api/v1/predict - 500
2025-04-14 12:28:19.896 | INFO     | aisleep.api.main:lifespan:139 - System shutdown
2025-04-14 12:28:23.897 | INFO     | aisleep.api.main:<module>:195 - Prometheus metrics enabled
2025-04-14 12:28:23.904 | INFO     | aisleep.api.main:lifespan:107 - Starting system...
2025-04-14 12:28:23.904 | INFO     | aisleep.api.main:lifespan:110 - 正在初始化Redis缓存...
2025-04-14 12:28:23.904 | INFO     | aisleep.api.main:lifespan:112 - 正在加载模型...
2025-04-14 12:28:23.909 | WARNING  | aisleep.api.main:lifespan:121 - CUDA设备未找到，将使用CPU进行推理
2025-04-14 12:28:23.909 | INFO     | aisleep.api.main:lifespan:126 - Model loaded successfully
2025-04-14 12:28:23.911 | INFO     | aisleep.api.main:lifespan:130 - System initialized
2025-04-14 12:30:08.657 | DEBUG    | aisleep.api.main:predict_sleep_stage:379 - 输入信号验证通过，信号长度: 3000
2025-04-14 12:30:08.657 | DEBUG    | aisleep.api.main:predict_sleep_stage:380 - 心率值: 0.0
2025-04-14 12:30:08.658 | DEBUG    | aisleep.api.main:predict_sleep_stage:398 - 特征提取完成，频谱长度: 1500
2025-04-14 12:30:08.658 | DEBUG    | aisleep.api.main:predict_sleep_stage:410 - 输入张量形状: torch.Size([3000])
2025-04-14 12:30:08.659 | DEBUG    | aisleep.api.main:predict_sleep_stage:415 - 调整后张量形状: torch.Size([1, 1, 3000])
2025-04-14 12:30:08.676 | ERROR    | aisleep.api.main:predict_sleep_stage:426 - 模型推理失败: name 'hr' is not defined
2025-04-14 12:30:08.676 | ERROR    | aisleep.api.main:predict_sleep_stage:447 - 预测失败 - 完整错误信息: name 'hr' is not defined
2025-04-14 12:30:08.677 | INFO     | aisleep.api.main:combined_middleware:307 - POST /api/v1/predict - 500
2025-04-14 12:30:08.859 | INFO     | aisleep.api.main:lifespan:139 - System shutdown
2025-04-14 12:30:12.798 | INFO     | aisleep.api.main:<module>:195 - Prometheus metrics enabled
2025-04-14 12:30:12.805 | INFO     | aisleep.api.main:lifespan:107 - Starting system...
2025-04-14 12:30:12.806 | INFO     | aisleep.api.main:lifespan:110 - 正在初始化Redis缓存...
2025-04-14 12:30:12.806 | INFO     | aisleep.api.main:lifespan:112 - 正在加载模型...
2025-04-14 12:30:12.810 | WARNING  | aisleep.api.main:lifespan:121 - CUDA设备未找到，将使用CPU进行推理
2025-04-14 12:30:12.810 | INFO     | aisleep.api.main:lifespan:126 - Model loaded successfully
2025-04-14 12:30:12.812 | INFO     | aisleep.api.main:lifespan:130 - System initialized
2025-04-14 12:31:44.845 | DEBUG    | aisleep.api.main:predict_sleep_stage:380 - 输入信号验证通过，信号长度: 3000
2025-04-14 12:31:44.846 | DEBUG    | aisleep.api.main:predict_sleep_stage:381 - 心率值: 0.0
2025-04-14 12:31:44.846 | ERROR    | aisleep.api.main:predict_sleep_stage:408 - 预测失败 - 完整错误信息: name 'prediction' is not defined
2025-04-14 12:31:44.846 | INFO     | aisleep.api.main:combined_middleware:307 - POST /api/v1/predict - 500
2025-04-14 12:31:44.978 | INFO     | aisleep.api.main:lifespan:139 - System shutdown
2025-04-14 12:31:48.919 | INFO     | aisleep.api.main:<module>:195 - Prometheus metrics enabled
2025-04-14 12:31:48.925 | INFO     | aisleep.api.main:lifespan:107 - Starting system...
2025-04-14 12:31:48.926 | INFO     | aisleep.api.main:lifespan:110 - 正在初始化Redis缓存...
2025-04-14 12:31:48.926 | INFO     | aisleep.api.main:lifespan:112 - 正在加载模型...
2025-04-14 12:31:48.930 | WARNING  | aisleep.api.main:lifespan:121 - CUDA设备未找到，将使用CPU进行推理
2025-04-14 12:31:48.931 | INFO     | aisleep.api.main:lifespan:126 - Model loaded successfully
2025-04-14 12:31:48.932 | INFO     | aisleep.api.main:lifespan:130 - System initialized
2025-04-14 12:34:30.407 | DEBUG    | aisleep.api.main:predict_sleep_stage:380 - 输入信号验证通过，信号长度: 3000
2025-04-14 12:34:30.407 | DEBUG    | aisleep.api.main:predict_sleep_stage:381 - 心率值: 72.0
2025-04-14 12:34:30.409 | DEBUG    | aisleep.api.main:predict_sleep_stage:399 - 特征提取完成，频谱长度: 1500
2025-04-14 12:34:30.409 | DEBUG    | aisleep.api.main:predict_sleep_stage:414 - 输入张量形状: torch.Size([3000])
2025-04-14 12:34:30.425 | ERROR    | aisleep.api.main:predict_sleep_stage:426 - 模型推理失败: name 'hr' is not defined
2025-04-14 12:34:30.426 | INFO     | aisleep.api.main:combined_middleware:307 - POST /api/v1/predict - 500
2025-04-14 12:34:30.616 | INFO     | aisleep.api.main:lifespan:139 - System shutdown
2025-04-14 12:34:34.494 | INFO     | aisleep.api.main:<module>:195 - Prometheus metrics enabled
2025-04-14 12:34:34.501 | INFO     | aisleep.api.main:lifespan:107 - Starting system...
2025-04-14 12:34:34.502 | INFO     | aisleep.api.main:lifespan:110 - 正在初始化Redis缓存...
2025-04-14 12:34:34.502 | INFO     | aisleep.api.main:lifespan:112 - 正在加载模型...
2025-04-14 12:34:34.506 | WARNING  | aisleep.api.main:lifespan:121 - CUDA设备未找到，将使用CPU进行推理
2025-04-14 12:34:34.506 | INFO     | aisleep.api.main:lifespan:126 - Model loaded successfully
2025-04-14 12:34:34.507 | INFO     | aisleep.api.main:lifespan:130 - System initialized
2025-04-14 12:36:17.727 | DEBUG    | aisleep.api.main:predict_sleep_stage:380 - 输入信号验证通过，信号长度: 3000
2025-04-14 12:36:17.728 | DEBUG    | aisleep.api.main:predict_sleep_stage:381 - 心率值: 72.0
2025-04-14 12:36:17.729 | DEBUG    | aisleep.api.main:predict_sleep_stage:399 - 特征提取完成，频谱长度: 1500
2025-04-14 12:36:17.730 | DEBUG    | aisleep.api.main:predict_sleep_stage:416 - 输入张量形状: torch.Size([3000])
2025-04-14 12:36:17.745 | ERROR    | aisleep.api.main:predict_sleep_stage:428 - 模型推理失败: name 'hr' is not defined
2025-04-14 12:36:17.746 | INFO     | aisleep.api.main:combined_middleware:307 - POST /api/v1/predict - 500
2025-04-14 12:36:17.911 | INFO     | aisleep.api.main:lifespan:139 - System shutdown
2025-04-14 12:36:21.851 | INFO     | aisleep.api.main:<module>:195 - Prometheus metrics enabled
2025-04-14 12:36:21.858 | INFO     | aisleep.api.main:lifespan:107 - Starting system...
2025-04-14 12:36:21.859 | INFO     | aisleep.api.main:lifespan:110 - 正在初始化Redis缓存...
2025-04-14 12:36:21.859 | INFO     | aisleep.api.main:lifespan:112 - 正在加载模型...
2025-04-14 12:36:21.863 | WARNING  | aisleep.api.main:lifespan:121 - CUDA设备未找到，将使用CPU进行推理
2025-04-14 12:36:21.863 | INFO     | aisleep.api.main:lifespan:126 - Model loaded successfully
2025-04-14 12:36:21.866 | INFO     | aisleep.api.main:lifespan:130 - System initialized
2025-04-14 12:37:37.921 | DEBUG    | aisleep.api.main:predict_sleep_stage:380 - 输入信号验证通过，信号长度: 3000
2025-04-14 12:37:37.923 | DEBUG    | aisleep.api.main:predict_sleep_stage:381 - 心率值: 72.0
2025-04-14 12:37:37.923 | ERROR    | aisleep.api.main:predict_sleep_stage:427 - 预测失败 - 完整错误信息: list indices must be integers or slices, not NoneType
2025-04-14 12:37:37.924 | INFO     | aisleep.api.main:combined_middleware:307 - POST /api/v1/predict - 500
2025-04-14 12:37:38.098 | INFO     | aisleep.api.main:lifespan:139 - System shutdown
2025-04-14 12:37:42.024 | INFO     | aisleep.api.main:<module>:195 - Prometheus metrics enabled
2025-04-14 12:37:42.031 | INFO     | aisleep.api.main:lifespan:107 - Starting system...
2025-04-14 12:37:42.031 | INFO     | aisleep.api.main:lifespan:110 - 正在初始化Redis缓存...
2025-04-14 12:37:42.031 | INFO     | aisleep.api.main:lifespan:112 - 正在加载模型...
2025-04-14 12:37:42.036 | WARNING  | aisleep.api.main:lifespan:121 - CUDA设备未找到，将使用CPU进行推理
2025-04-14 12:37:42.037 | INFO     | aisleep.api.main:lifespan:126 - Model loaded successfully
2025-04-14 12:37:42.038 | INFO     | aisleep.api.main:lifespan:130 - System initialized
2025-04-14 12:39:18.860 | DEBUG    | aisleep.api.main:predict_sleep_stage:380 - 输入信号验证通过，信号长度: 3000
2025-04-14 12:39:18.861 | DEBUG    | aisleep.api.main:predict_sleep_stage:381 - 心率值: 72.0
2025-04-14 12:39:18.864 | DEBUG    | aisleep.api.main:predict_sleep_stage:399 - 特征提取完成，频谱长度: 1500
2025-04-14 12:39:18.864 | DEBUG    | aisleep.api.main:predict_sleep_stage:414 - 输入张量形状: torch.Size([3000])
2025-04-14 12:39:18.881 | ERROR    | aisleep.api.main:predict_sleep_stage:426 - 模型推理失败: name 'hr' is not defined
2025-04-14 12:39:18.882 | INFO     | aisleep.api.main:combined_middleware:307 - POST /api/v1/predict - 500
2025-04-14 12:39:18.983 | INFO     | aisleep.api.main:lifespan:139 - System shutdown
2025-04-14 12:39:22.942 | INFO     | aisleep.api.main:<module>:195 - Prometheus metrics enabled
2025-04-14 12:39:22.949 | INFO     | aisleep.api.main:lifespan:107 - Starting system...
2025-04-14 12:39:22.949 | INFO     | aisleep.api.main:lifespan:110 - 正在初始化Redis缓存...
2025-04-14 12:39:22.949 | INFO     | aisleep.api.main:lifespan:112 - 正在加载模型...
2025-04-14 12:39:22.954 | WARNING  | aisleep.api.main:lifespan:121 - CUDA设备未找到，将使用CPU进行推理
2025-04-14 12:39:22.954 | INFO     | aisleep.api.main:lifespan:126 - Model loaded successfully
2025-04-14 12:39:22.956 | INFO     | aisleep.api.main:lifespan:130 - System initialized
2025-04-14 12:42:12.814 | DEBUG    | aisleep.api.main:predict_sleep_stage:380 - 输入信号验证通过，信号长度: 3000
2025-04-14 12:42:12.815 | DEBUG    | aisleep.api.main:predict_sleep_stage:381 - 心率值: 72.0
2025-04-14 12:42:12.816 | DEBUG    | aisleep.api.main:predict_sleep_stage:399 - 特征提取完成，频谱长度: 1500
2025-04-14 12:42:12.817 | DEBUG    | aisleep.api.main:predict_sleep_stage:416 - 输入张量形状: torch.Size([3000])
2025-04-14 12:42:12.835 | ERROR    | aisleep.api.main:predict_sleep_stage:432 - 模型推理失败: name 'hr' is not defined
2025-04-14 12:42:12.837 | INFO     | aisleep.api.main:combined_middleware:307 - POST /api/v1/predict - 500
2025-04-14 12:42:12.943 | INFO     | aisleep.api.main:lifespan:139 - System shutdown
2025-04-14 12:42:17.048 | INFO     | aisleep.api.main:<module>:195 - Prometheus metrics enabled
2025-04-14 12:42:17.055 | INFO     | aisleep.api.main:lifespan:107 - Starting system...
2025-04-14 12:42:17.056 | INFO     | aisleep.api.main:lifespan:110 - 正在初始化Redis缓存...
2025-04-14 12:42:17.056 | INFO     | aisleep.api.main:lifespan:112 - 正在加载模型...
2025-04-14 12:42:17.060 | WARNING  | aisleep.api.main:lifespan:121 - CUDA设备未找到，将使用CPU进行推理
2025-04-14 12:42:17.061 | INFO     | aisleep.api.main:lifespan:126 - Model loaded successfully
2025-04-14 12:42:17.062 | INFO     | aisleep.api.main:lifespan:130 - System initialized
2025-04-14 12:47:13.532 | INFO     | aisleep.api.main:lifespan:139 - System shutdown
2025-04-14 12:47:17.701 | INFO     | aisleep.api.main:<module>:195 - Prometheus metrics enabled
2025-04-14 12:47:17.709 | INFO     | aisleep.api.main:lifespan:107 - Starting system...
2025-04-14 12:47:17.709 | INFO     | aisleep.api.main:lifespan:110 - 正在初始化Redis缓存...
2025-04-14 12:47:17.710 | INFO     | aisleep.api.main:lifespan:112 - 正在加载模型...
2025-04-14 12:47:17.714 | WARNING  | aisleep.api.main:lifespan:121 - CUDA设备未找到，将使用CPU进行推理
2025-04-14 12:47:17.714 | INFO     | aisleep.api.main:lifespan:126 - Model loaded successfully
2025-04-14 12:47:17.716 | INFO     | aisleep.api.main:lifespan:130 - System initialized
2025-04-14 12:48:57.316 | DEBUG    | aisleep.api.main:predict_sleep_stage:380 - 输入信号验证通过，信号长度: 3000
2025-04-14 12:48:57.316 | DEBUG    | aisleep.api.main:predict_sleep_stage:381 - 心率值: 72.0
2025-04-14 12:48:57.318 | DEBUG    | aisleep.api.main:predict_sleep_stage:399 - 特征提取完成，频谱长度: 1500
2025-04-14 12:48:57.318 | DEBUG    | aisleep.api.main:predict_sleep_stage:416 - 输入张量形状: torch.Size([3000])
2025-04-14 12:48:57.333 | ERROR    | aisleep.api.main:predict_sleep_stage:432 - 模型推理失败: name 'hr' is not defined
2025-04-14 12:48:57.334 | INFO     | aisleep.api.main:combined_middleware:307 - POST /api/v1/predict - 500
2025-04-14 12:48:57.475 | INFO     | aisleep.api.main:lifespan:139 - System shutdown
2025-04-14 12:49:01.326 | INFO     | aisleep.api.main:<module>:195 - Prometheus metrics enabled
2025-04-14 12:49:01.332 | INFO     | aisleep.api.main:lifespan:107 - Starting system...
2025-04-14 12:49:01.332 | INFO     | aisleep.api.main:lifespan:110 - 正在初始化Redis缓存...
2025-04-14 12:49:01.332 | INFO     | aisleep.api.main:lifespan:112 - 正在加载模型...
2025-04-14 12:49:01.337 | WARNING  | aisleep.api.main:lifespan:121 - CUDA设备未找到，将使用CPU进行推理
2025-04-14 12:49:01.338 | INFO     | aisleep.api.main:lifespan:126 - Model loaded successfully
2025-04-14 12:49:01.339 | INFO     | aisleep.api.main:lifespan:130 - System initialized
2025-04-14 12:49:01.340 | INFO     | aisleep.api.main:lifespan:139 - System shutdown
2025-04-14 12:49:05.228 | INFO     | aisleep.api.main:<module>:195 - Prometheus metrics enabled
2025-04-14 12:49:05.237 | INFO     | aisleep.api.main:lifespan:107 - Starting system...
2025-04-14 12:49:05.237 | INFO     | aisleep.api.main:lifespan:110 - 正在初始化Redis缓存...
2025-04-14 12:49:05.237 | INFO     | aisleep.api.main:lifespan:112 - 正在加载模型...
2025-04-14 12:49:05.241 | WARNING  | aisleep.api.main:lifespan:121 - CUDA设备未找到，将使用CPU进行推理
2025-04-14 12:49:05.242 | INFO     | aisleep.api.main:lifespan:126 - Model loaded successfully
2025-04-14 12:49:05.243 | INFO     | aisleep.api.main:lifespan:130 - System initialized
2025-04-14 12:53:20.804 | ERROR    | aisleep.api.main:predict_sleep_stage:379 - 信号验证失败: 'PredictRequest' object has no attribute 'audio'
2025-04-14 12:53:20.804 | ERROR    | aisleep.api.main:predict_sleep_stage:453 - 预测失败 - 完整错误信息: 'PredictRequest' object has no attribute 'audio'
2025-04-14 12:53:20.805 | ERROR    | aisleep.api.main:combined_middleware:297 - 请求错误: cannot access local variable 'hr_value' where it is not associated with a value
2025-04-14 12:53:20.938 | INFO     | aisleep.api.main:lifespan:139 - System shutdown
2025-04-14 12:53:24.941 | INFO     | aisleep.api.main:<module>:195 - Prometheus metrics enabled
2025-04-14 12:53:24.947 | INFO     | aisleep.api.main:lifespan:107 - Starting system...
2025-04-14 12:53:24.947 | INFO     | aisleep.api.main:lifespan:110 - 正在初始化Redis缓存...
2025-04-14 12:53:24.948 | INFO     | aisleep.api.main:lifespan:112 - 正在加载模型...
2025-04-14 12:53:24.953 | WARNING  | aisleep.api.main:lifespan:121 - CUDA设备未找到，将使用CPU进行推理
2025-04-14 12:53:24.953 | INFO     | aisleep.api.main:lifespan:126 - Model loaded successfully
2025-04-14 12:53:24.955 | INFO     | aisleep.api.main:lifespan:130 - System initialized
2025-04-14 12:53:24.956 | INFO     | aisleep.api.main:lifespan:139 - System shutdown
2025-04-14 12:53:28.819 | INFO     | aisleep.api.main:<module>:195 - Prometheus metrics enabled
2025-04-14 12:53:28.825 | INFO     | aisleep.api.main:lifespan:107 - Starting system...
2025-04-14 12:53:28.826 | INFO     | aisleep.api.main:lifespan:110 - 正在初始化Redis缓存...
2025-04-14 12:53:28.826 | INFO     | aisleep.api.main:lifespan:112 - 正在加载模型...
2025-04-14 12:53:28.829 | WARNING  | aisleep.api.main:lifespan:121 - CUDA设备未找到，将使用CPU进行推理
2025-04-14 12:53:28.831 | INFO     | aisleep.api.main:lifespan:126 - Model loaded successfully
2025-04-14 12:53:28.832 | INFO     | aisleep.api.main:lifespan:130 - System initialized
2025-04-14 12:58:25.585 | INFO     | aisleep.api.main:lifespan:139 - System shutdown
2025-04-14 12:58:29.440 | INFO     | aisleep.api.main:<module>:195 - Prometheus metrics enabled
2025-04-14 12:58:29.447 | INFO     | aisleep.api.main:lifespan:107 - Starting system...
2025-04-14 12:58:29.447 | INFO     | aisleep.api.main:lifespan:110 - 正在初始化Redis缓存...
2025-04-14 12:58:29.447 | INFO     | aisleep.api.main:lifespan:112 - 正在加载模型...
2025-04-14 12:58:29.452 | WARNING  | aisleep.api.main:lifespan:121 - CUDA设备未找到，将使用CPU进行推理
2025-04-14 12:58:29.452 | INFO     | aisleep.api.main:lifespan:126 - Model loaded successfully
2025-04-14 12:58:29.454 | INFO     | aisleep.api.main:lifespan:130 - System initialized
2025-04-14 13:01:39.875 | DEBUG    | aisleep.api.main:predict_sleep_stage:377 - 心率值: 72.0
2025-04-14 13:01:39.876 | ERROR    | aisleep.api.main:predict_sleep_stage:392 - 模型推理失败: name 'config' is not defined
2025-04-14 13:01:39.876 | ERROR    | aisleep.api.main:predict_sleep_stage:402 - 预测失败: 500: 模型推理失败: name 'config' is not defined
2025-04-14 13:01:39.876 | INFO     | aisleep.api.main:combined_middleware:302 - POST /api/v1/predict - 500
2025-04-14 13:01:40.100 | INFO     | aisleep.api.main:lifespan:139 - System shutdown
2025-04-14 13:01:44.035 | INFO     | aisleep.api.main:<module>:195 - Prometheus metrics enabled
2025-04-14 13:01:44.042 | INFO     | aisleep.api.main:lifespan:107 - Starting system...
2025-04-14 13:01:44.042 | INFO     | aisleep.api.main:lifespan:110 - 正在初始化Redis缓存...
2025-04-14 13:01:44.042 | INFO     | aisleep.api.main:lifespan:112 - 正在加载模型...
2025-04-14 13:01:44.047 | WARNING  | aisleep.api.main:lifespan:121 - CUDA设备未找到，将使用CPU进行推理
2025-04-14 13:01:44.047 | INFO     | aisleep.api.main:lifespan:126 - Model loaded successfully
2025-04-14 13:01:44.048 | INFO     | aisleep.api.main:lifespan:130 - System initialized
2025-04-14 13:14:45.360 | INFO     | aisleep.api.main:lifespan:139 - System shutdown
2025-04-14 13:14:49.328 | INFO     | aisleep.api.main:<module>:195 - Prometheus metrics enabled
2025-04-14 13:14:49.336 | INFO     | aisleep.api.main:lifespan:107 - Starting system...
2025-04-14 13:14:49.336 | INFO     | aisleep.api.main:lifespan:110 - 正在初始化Redis缓存...
2025-04-14 13:14:49.336 | INFO     | aisleep.api.main:lifespan:112 - 正在加载模型...
2025-04-14 13:14:49.340 | WARNING  | aisleep.api.main:lifespan:121 - CUDA设备未找到，将使用CPU进行推理
2025-04-14 13:14:49.341 | INFO     | aisleep.api.main:lifespan:126 - Model loaded successfully
2025-04-14 13:14:49.342 | INFO     | aisleep.api.main:lifespan:130 - System initialized
2025-04-14 13:14:49.343 | INFO     | aisleep.api.main:lifespan:139 - System shutdown
2025-04-14 13:14:53.084 | INFO     | aisleep.api.main:<module>:195 - Prometheus metrics enabled
2025-04-14 13:14:53.091 | INFO     | aisleep.api.main:lifespan:107 - Starting system...
2025-04-14 13:14:53.091 | INFO     | aisleep.api.main:lifespan:110 - 正在初始化Redis缓存...
2025-04-14 13:14:53.091 | INFO     | aisleep.api.main:lifespan:112 - 正在加载模型...
2025-04-14 13:14:53.095 | WARNING  | aisleep.api.main:lifespan:121 - CUDA设备未找到，将使用CPU进行推理
2025-04-14 13:14:53.095 | INFO     | aisleep.api.main:lifespan:126 - Model loaded successfully
2025-04-14 13:14:53.097 | INFO     | aisleep.api.main:lifespan:130 - System initialized
2025-04-14 13:53:36.032 | INFO     | aisleep.api.main:lifespan:139 - System shutdown
2025-04-14 13:53:40.671 | INFO     | aisleep.api.main:<module>:195 - Prometheus metrics enabled
2025-04-14 13:53:40.678 | INFO     | aisleep.api.main:lifespan:107 - Starting system...
2025-04-14 13:53:40.679 | INFO     | aisleep.api.main:lifespan:110 - 正在初始化Redis缓存...
2025-04-14 13:53:40.679 | INFO     | aisleep.api.main:lifespan:112 - 正在加载模型...
2025-04-14 13:53:40.683 | WARNING  | aisleep.api.main:lifespan:121 - CUDA设备未找到，将使用CPU进行推理
2025-04-14 13:53:40.683 | INFO     | aisleep.api.main:lifespan:126 - Model loaded successfully
2025-04-14 13:53:40.691 | INFO     | aisleep.api.main:lifespan:130 - System initialized
2025-04-14 13:53:41.496 | DEBUG    | aisleep.api.main:predict_sleep_stage:377 - 开始处理请求，配置参数: {'signal_range': (-500, 500), 'signal_length': 3000, 'model_path': 'models/v1/cnn_sleep.pth', 'freq_bands': {'delta': slice(0, 4, None), 'theta': slice(4, 8, None), 'alpha': slice(8, 12, None)}, 'max_concurrent': 50, 'timeout_threshold': 30, 'expected_max': 500.0, 'valid_threshold': 500.0, 'rate_limit': 0.1, 'ai_timeout': 15, 'max_hardware': 10, 'ai_model_refresh': 3600, 'feature_timeout': 5, 'model_timeout': 10}
2025-04-14 13:53:41.496 | DEBUG    | aisleep.api.main:predict_sleep_stage:378 - 请求数据: audio长度=3000, hr=72.0
2025-04-14 13:53:41.499 | DEBUG    | aisleep.api.main:predict_sleep_stage:389 - 输入信号验证通过，信号长度: 3000
2025-04-14 13:53:41.499 | DEBUG    | aisleep.api.main:predict_sleep_stage:390 - 心率值: 72.0
2025-04-14 13:53:41.504 | DEBUG    | aisleep.api.main:predict_sleep_stage:407 - 特征提取完成，频谱长度: 1500
2025-04-14 13:53:41.506 | DEBUG    | aisleep.api.main:predict_sleep_stage:422 - 输入张量形状: torch.Size([3000])
2025-04-14 13:53:41.595 | ERROR    | aisleep.api.main:predict_sleep_stage:438 - 模型推理失败: name 'hr' is not defined
2025-04-14 13:53:41.595 | ERROR    | aisleep.api.main:predict_sleep_stage:472 - 请求处理异常 - 完整错误堆栈: 500: 模型推理失败: name 'hr' is not defined
2025-04-14 13:53:41.596 | INFO     | aisleep.api.main:combined_middleware:302 - POST /api/v1/predict - 500
2025-04-14 13:55:08.132 | INFO     | aisleep.api.main:combined_middleware:302 - GET /api/v1/health - 200
2025-04-14 13:56:26.441 | DEBUG    | aisleep.api.main:predict_sleep_stage:377 - 开始处理请求，配置参数: {'signal_range': (-500, 500), 'signal_length': 3000, 'model_path': 'models/v1/cnn_sleep.pth', 'freq_bands': {'delta': slice(0, 4, None), 'theta': slice(4, 8, None), 'alpha': slice(8, 12, None)}, 'max_concurrent': 50, 'timeout_threshold': 30, 'expected_max': 500.0, 'valid_threshold': 500.0, 'rate_limit': 0.1, 'ai_timeout': 15, 'max_hardware': 10, 'ai_model_refresh': 3600, 'feature_timeout': 5, 'model_timeout': 10}
2025-04-14 13:56:26.442 | DEBUG    | aisleep.api.main:predict_sleep_stage:378 - 请求数据: audio长度=3000, hr=72.0
2025-04-14 13:56:26.443 | DEBUG    | aisleep.api.main:predict_sleep_stage:389 - 输入信号验证通过，信号长度: 3000
2025-04-14 13:56:26.444 | DEBUG    | aisleep.api.main:predict_sleep_stage:390 - 心率值: 72.0
2025-04-14 13:56:26.445 | DEBUG    | aisleep.api.main:predict_sleep_stage:407 - 特征提取完成，频谱长度: 1500
2025-04-14 13:56:26.445 | DEBUG    | aisleep.api.main:predict_sleep_stage:422 - 输入张量形状: torch.Size([3000])
2025-04-14 13:56:26.457 | ERROR    | aisleep.api.main:predict_sleep_stage:438 - 模型推理失败: name 'hr' is not defined
2025-04-14 13:56:26.458 | ERROR    | aisleep.api.main:predict_sleep_stage:472 - 请求处理异常 - 完整错误堆栈: 500: 模型推理失败: name 'hr' is not defined
2025-04-14 13:56:26.458 | INFO     | aisleep.api.main:combined_middleware:302 - POST /api/v1/predict - 500
2025-04-14 13:58:16.919 | DEBUG    | aisleep.api.main:predict_sleep_stage:377 - 开始处理请求，配置参数: {'signal_range': (-500, 500), 'signal_length': 3000, 'model_path': 'models/v1/cnn_sleep.pth', 'freq_bands': {'delta': slice(0, 4, None), 'theta': slice(4, 8, None), 'alpha': slice(8, 12, None)}, 'max_concurrent': 50, 'timeout_threshold': 30, 'expected_max': 500.0, 'valid_threshold': 500.0, 'rate_limit': 0.1, 'ai_timeout': 15, 'max_hardware': 10, 'ai_model_refresh': 3600, 'feature_timeout': 5, 'model_timeout': 10}
2025-04-14 13:58:16.920 | DEBUG    | aisleep.api.main:predict_sleep_stage:378 - 请求数据: audio长度=3000, hr=72.0
2025-04-14 13:58:16.921 | DEBUG    | aisleep.api.main:predict_sleep_stage:389 - 输入信号验证通过，信号长度: 3000
2025-04-14 13:58:16.922 | DEBUG    | aisleep.api.main:predict_sleep_stage:390 - 心率值: 72.0
2025-04-14 13:58:16.923 | DEBUG    | aisleep.api.main:predict_sleep_stage:407 - 特征提取完成，频谱长度: 1500
2025-04-14 13:58:16.923 | DEBUG    | aisleep.api.main:predict_sleep_stage:422 - 输入张量形状: torch.Size([3000])
2025-04-14 13:58:16.936 | ERROR    | aisleep.api.main:predict_sleep_stage:438 - 模型推理失败: name 'hr' is not defined
2025-04-14 13:58:16.936 | ERROR    | aisleep.api.main:predict_sleep_stage:472 - 请求处理异常 - 完整错误堆栈: 500: 模型推理失败: name 'hr' is not defined
2025-04-14 13:58:16.937 | INFO     | aisleep.api.main:combined_middleware:302 - POST /api/v1/predict - 500
2025-04-14 13:58:17.120 | INFO     | aisleep.api.main:lifespan:139 - System shutdown
2025-04-14 13:58:21.050 | INFO     | aisleep.api.main:<module>:195 - Prometheus metrics enabled
2025-04-14 13:58:21.057 | INFO     | aisleep.api.main:lifespan:107 - Starting system...
2025-04-14 13:58:21.057 | INFO     | aisleep.api.main:lifespan:110 - 正在初始化Redis缓存...
2025-04-14 13:58:21.057 | INFO     | aisleep.api.main:lifespan:112 - 正在加载模型...
2025-04-14 13:58:21.061 | WARNING  | aisleep.api.main:lifespan:121 - CUDA设备未找到，将使用CPU进行推理
2025-04-14 13:58:21.061 | INFO     | aisleep.api.main:lifespan:126 - Model loaded successfully
2025-04-14 13:58:21.063 | INFO     | aisleep.api.main:lifespan:130 - System initialized
2025-04-14 13:59:55.016 | ERROR    | aisleep.api.main:predict_sleep_stage:401 - 处理失败: name 'hr' is not defined
2025-04-14 13:59:55.016 | INFO     | aisleep.api.main:combined_middleware:302 - POST /api/v1/predict - 500
2025-04-14 13:59:55.201 | INFO     | aisleep.api.main:lifespan:139 - System shutdown
2025-04-14 13:59:59.062 | INFO     | aisleep.api.main:<module>:195 - Prometheus metrics enabled
2025-04-14 13:59:59.068 | INFO     | aisleep.api.main:lifespan:107 - Starting system...
2025-04-14 13:59:59.069 | INFO     | aisleep.api.main:lifespan:110 - 正在初始化Redis缓存...
2025-04-14 13:59:59.069 | INFO     | aisleep.api.main:lifespan:112 - 正在加载模型...
2025-04-14 13:59:59.073 | WARNING  | aisleep.api.main:lifespan:121 - CUDA设备未找到，将使用CPU进行推理
2025-04-14 13:59:59.073 | INFO     | aisleep.api.main:lifespan:126 - Model loaded successfully
2025-04-14 13:59:59.075 | INFO     | aisleep.api.main:lifespan:130 - System initialized
2025-04-14 14:01:03.509 | DEBUG    | aisleep.api.main:predict_sleep_stage:374 - 开始处理请求，请求数据: {'audio': [435.0, 481.0, 475.0, -360.0, -500.0, 15.0, -71.0, 423.0, -262.0, -478.0, -118.0, -18.0, 85.0, -44.0, -427.0, 344.0, -332.0, -121.0, -280.0, -257.0, 156.0, -235.0, 414.0, 248.0, -70.0, 463.0, -202.0, -95.0, 495.0, -409.0, -391.0, 226.0, -440.0, 456.0, -484.0, 328.0, -250.0, -460.0, 128.0, 430.0, 242.0, 302.0, 165.0, -237.0, -435.0, -364.0, 75.0, 22.0, 375.0, 343.0, 79.0, -79.0, 160.0, 468.0, -153.0, -72.0, -396.0, -414.0, -9.0, 298.0, -161.0, -308.0, -273.0, -284.0, -486.0, -116.0, 351.0, 253.0, -62.0, 3.0, 284.0, 190.0, 261.0, 361.0, 136.0, -90.0, -145.0, 305.0, -48.0, -168.0, 4.0, -104.0, 154.0, 200.0, 4.0, -241.0, 210.0, -78.0, 310.0, 268.0, -6.0, 194.0, -89.0, -413.0, -35.0, -200.0, 88.0, -42.0, -113.0, -59.0, -334.0, -32.0, 341.0, 185.0, 105.0, -50.0, 161.0, -134.0, -301.0, -373.0, 196.0, 208.0, 212.0, -246.0, -156.0, 132.0, -258.0, -374.0, -391.0, -286.0, -184.0, 323.0, 360.0, 233.0, -486.0, -58.0, 173.0, 373.0, 30.0, 37.0, 476.0, -490.0, -57.0, 188.0, 109.0, 212.0, -255.0, 480.0, 147.0, 298.0, 168.0, -349.0, 236.0, 476.0, 146.0, 428.0, -11.0, 412.0, -70.0, 206.0, 163.0, -383.0, 204.0, 3.0, 299.0, 237.0, 421.0, 306.0, 175.0, -304.0, 35.0, 273.0, 61.0, -469.0, 326.0, -300.0, -471.0, 474.0, 348.0, 435.0, -379.0, 447.0, 453.0, -453.0, 142.0, 395.0, -37.0, 294.0, 291.0, -328.0, -433.0, -272.0, -320.0, -295.0, -364.0, 483.0, -391.0, 493.0, -390.0, -453.0, -450.0, -158.0, 90.0, -455.0, -334.0, 458.0, -82.0, 185.0, 372.0, 275.0, 279.0, -392.0, 38.0, 234.0, 143.0, 375.0, 172.0, -183.0, 390.0, 391.0, -466.0, -420.0, -352.0, -317.0, 466.0, 79.0, 436.0, 493.0, -227.0, -255.0, 287.0, -56.0, -442.0, 316.0, 170.0, 369.0, -479.0, -216.0, -296.0, 136.0, -183.0, -419.0, -48.0, -470.0, -484.0, -443.0, 461.0, 423.0, -107.0, 73.0, -55.0, -470.0, -50.0, 418.0, -179.0, -197.0, -59.0, -357.0, -97.0, -158.0, 6.0, 88.0, -409.0, 462.0, -427.0, 169.0, -231.0, -488.0, 214.0, -358.0, -110.0, -40.0, 227.0, -163.0, 272.0, -260.0, -201.0, -382.0, -74.0, 418.0, -183.0, 405.0, 335.0, -496.0, 147.0, -185.0, -271.0, 22.0, -441.0, -352.0, -292.0, -19.0, -440.0, -455.0, 304.0, 460.0, 277.0, 359.0, 103.0, -88.0, -32.0, -182.0, 163.0, 45.0, -150.0, 361.0, 93.0, 342.0, 451.0, -159.0, -89.0, 427.0, -222.0, 73.0, 256.0, 487.0, 444.0, -499.0, -43.0, 137.0, 110.0, -266.0, -1.0, 391.0, -233.0, 103.0, -58.0, -93.0, 450.0, 146.0, -489.0, -3.0, -161.0, -156.0, -428.0, 497.0, -211.0, 371.0, -128.0, 239.0, 261.0, -105.0, 451.0, 339.0, -482.0, -15.0, 378.0, -95.0, -173.0, 453.0, 457.0, 247.0, 315.0, -188.0, -487.0, -31.0, -32.0, -401.0, -495.0, -374.0, 49.0, -376.0, 473.0, 269.0, 85.0, 114.0, 180.0, 387.0, 176.0, 447.0, 471.0, -252.0, 337.0, 193.0, 469.0, -345.0, -46.0, -154.0, 196.0, -262.0, 463.0, 42.0, -448.0, 336.0, 296.0, 139.0, -319.0, -324.0, 282.0, -259.0, 111.0, -40.0, 414.0, 438.0, -273.0, 167.0, 488.0, -184.0, 326.0, 237.0, 63.0, -6.0, 415.0, -48.0, -146.0, -334.0, -243.0, 373.0, 332.0, -404.0, 66.0, 471.0, 11.0, 435.0, 403.0, 352.0, 180.0, -171.0, 398.0, -287.0, -59.0, 478.0, 221.0, -414.0, -102.0, 194.0, -123.0, -419.0, -44.0, -326.0, -410.0, -194.0, 188.0, -38.0, -128.0, 1.0, -432.0, -101.0, 359.0, 147.0, 203.0, -176.0, 413.0, 455.0, -444.0, 374.0, -205.0, -28.0, -457.0, -319.0, -497.0, 474.0, 233.0, 349.0, 206.0, 10.0, 468.0, -294.0, 198.0, -378.0, 393.0, -124.0, -494.0, 339.0, 281.0, -417.0, -455.0, -241.0, -392.0, 44.0, -95.0, -405.0, 409.0, -184.0, -17.0, 213.0, 442.0, -421.0, 345.0, -134.0, 240.0, 496.0, -423.0, -273.0, -280.0, 74.0, 168.0, -21.0, 263.0, 234.0, -143.0, -359.0, 415.0, 473.0, 23.0, -172.0, 251.0, 132.0, -430.0, -454.0, 477.0, -446.0, 30.0, 34.0, -83.0, -373.0, 131.0, -71.0, -122.0, -477.0, -166.0, -133.0, -227.0, -78.0, -364.0, -340.0, 231.0, 278.0, 25.0, 268.0, -224.0, 282.0, 393.0, -273.0, 273.0, -470.0, 11.0, -500.0, -180.0, 343.0, -405.0, -98.0, -216.0, -341.0, 402.0, -245.0, 125.0, 260.0, 239.0, -199.0, -393.0, -400.0, 450.0, -4.0, 381.0, 118.0, -142.0, 446.0, 409.0, 417.0, -394.0, 260.0, -374.0, 324.0, -44.0, 464.0, -121.0, 388.0, 236.0, -18.0, -4.0, 474.0, -57.0, -499.0, -208.0, 429.0, 374.0, 249.0, -407.0, 309.0, 201.0, 0.0, 120.0, 104.0, -246.0, 77.0, -459.0, 418.0, -266.0, -335.0, 136.0, -354.0, 377.0, 441.0, -80.0, 54.0, -18.0, -431.0, -260.0, -91.0, -346.0, -278.0, -214.0, 223.0, 300.0, -229.0, 72.0, 491.0, 33.0, 205.0, -412.0, 373.0, 356.0, 376.0, -90.0, -112.0, 350.0, 230.0, -73.0, 193.0, -135.0, 355.0, -56.0, 56.0, 105.0, -487.0, 90.0, -28.0, 361.0, -192.0, 72.0, 495.0, 67.0, -55.0, -121.0, 336.0, 107.0, 166.0, -78.0, 387.0, 94.0, 475.0, -76.0, -478.0, 353.0, -496.0, 439.0, -303.0, 228.0, -145.0, 441.0, -432.0, 73.0, -196.0, -221.0, 307.0, 390.0, -380.0, -4.0, 400.0, 428.0, 140.0, 338.0, -121.0, 491.0, -227.0, 227.0, -454.0, -416.0, 478.0, 58.0, -298.0, -258.0, -58.0, 387.0, -271.0, -310.0, 98.0, 184.0, 181.0, 355.0, 174.0, 59.0, -359.0, 187.0, 192.0, -358.0, 493.0, 292.0, 430.0, -100.0, 25.0, -215.0, -368.0, 182.0, -250.0, -158.0, 481.0, 158.0, 172.0, 180.0, -216.0, 164.0, 1.0, -398.0, -315.0, 152.0, -242.0, -216.0, 307.0, -379.0, 426.0, 329.0, 379.0, 30.0, -352.0, 190.0, 382.0, 51.0, -387.0, -391.0, -232.0, -90.0, 249.0, 324.0, -165.0, 277.0, -383.0, 170.0, 54.0, -111.0, 390.0, 475.0, -136.0, -156.0, 422.0, -446.0, 331.0, 149.0, 468.0, 240.0, 441.0, -333.0, -158.0, -101.0, -254.0, 140.0, -246.0, -61.0, -174.0, -205.0, -100.0, -436.0, 441.0, 25.0, -231.0, 185.0, 433.0, -315.0, 371.0, 431.0, 287.0, 456.0, 182.0, 428.0, -427.0, 81.0, 359.0, -323.0, 368.0, 293.0, -166.0, -385.0, -10.0, -377.0, 117.0, 383.0, -279.0, 188.0, -111.0, 25.0, 494.0, 36.0, 32.0, -79.0, -413.0, -185.0, -426.0, -458.0, -179.0, 249.0, -192.0, -376.0, -491.0, 8.0, 475.0, -98.0, -294.0, 293.0, 422.0, -245.0, 382.0, -157.0, 168.0, -432.0, 485.0, 435.0, 298.0, -11.0, -444.0, -72.0, -207.0, 196.0, -256.0, -135.0, -405.0, 387.0, 94.0, 214.0, -475.0, -305.0, 331.0, 337.0, 372.0, 237.0, 447.0, 286.0, 420.0, 190.0, 43.0, 395.0, -285.0, 350.0, -52.0, -473.0, 211.0, -262.0, 384.0, 239.0, 231.0, -369.0, -404.0, -352.0, -72.0, -202.0, 72.0, 41.0, -436.0, -377.0, -361.0, -148.0, 44.0, 412.0, -165.0, 47.0, 423.0, -227.0, 4.0, 58.0, -325.0, -333.0, 481.0, -381.0, 386.0, 68.0, 288.0, 24.0, 277.0, -26.0, -2.0, 12.0, 266.0, -500.0, 496.0, -463.0, 10.0, -9.0, -384.0, -233.0, 467.0, -239.0, 339.0, 221.0, 490.0, 264.0, -453.0, 112.0, -38.0, -155.0, 285.0, 427.0, -195.0, 416.0, 253.0, -392.0, -495.0, 118.0, -279.0, -221.0, -167.0, 497.0, 437.0, -408.0, 106.0, -87.0, 287.0, 5.0, 200.0, -226.0, 415.0, -230.0, 170.0, 473.0, 193.0, 448.0, -390.0, -429.0, -86.0, -279.0, 469.0, -77.0, -200.0, -297.0, -448.0, -227.0, 0.0, 452.0, -381.0, 419.0, -375.0, -9.0, 178.0, -262.0, -310.0, 424.0, -117.0, -99.0, -459.0, -188.0, -428.0, -356.0, -483.0, -97.0, -304.0, 336.0, -299.0, 30.0, 77.0, -125.0, -294.0, 382.0, 82.0, -165.0, -368.0, 217.0, 351.0, 493.0, -62.0, 33.0, -491.0, 267.0, 490.0, -410.0, 242.0, 13.0, 390.0, -207.0, 354.0, -50.0, -495.0, -276.0, 493.0, 283.0, -320.0, 307.0, -393.0, -72.0, 51.0, 484.0, 11.0, 328.0, 442.0, 361.0, -91.0, -127.0, 371.0, -278.0, 203.0, 97.0, -385.0, 189.0, 54.0, 245.0, 234.0, -293.0, 474.0, -112.0, 311.0, -255.0, -78.0, -432.0, -180.0, -391.0, 259.0, 417.0, -455.0, -306.0, -137.0, 356.0, 201.0, -344.0, 425.0, -47.0, 216.0, -497.0, -239.0, -122.0, -279.0, 295.0, -478.0, -210.0, 289.0, 120.0, -403.0, -243.0, 499.0, 431.0, -173.0, 15.0, 264.0, -51.0, 388.0, -435.0, 17.0, 27.0, 38.0, -192.0, 75.0, 192.0, -448.0, 446.0, -118.0, -483.0, -139.0, 455.0, 154.0, -478.0, -145.0, 440.0, 310.0, 36.0, 426.0, 297.0, 452.0, -103.0, -233.0, 491.0, 58.0, -427.0, -450.0, -72.0, 190.0, 344.0, -208.0, 398.0, 147.0, -496.0, 41.0, 175.0, -298.0, -106.0, 45.0, -339.0, -161.0, 426.0, -150.0, -25.0, -347.0, 420.0, 443.0, 407.0, 467.0, 376.0, 25.0, 222.0, 173.0, -2.0, -484.0, -340.0, -356.0, -120.0, -31.0, -193.0, 66.0, 124.0, 404.0, 400.0, -113.0, -161.0, -37.0, 346.0, 145.0, 157.0, 238.0, 252.0, -223.0, -434.0, -87.0, 350.0, -413.0, 301.0, -282.0, -114.0, 406.0, 270.0, -81.0, 15.0, -405.0, -115.0, 205.0, 425.0, -167.0, 426.0, -63.0, -136.0, -63.0, -274.0, 11.0, 224.0, -297.0, -98.0, 340.0, -392.0, -142.0, 209.0, -494.0, -200.0, -236.0, -149.0, 469.0, 152.0, -398.0, 0.0, 344.0, 176.0, 242.0, 178.0, 109.0, 344.0, -493.0, -232.0, 1.0, -165.0, -366.0, 275.0, -380.0, -266.0, -174.0, 373.0, 373.0, 161.0, -74.0, 145.0, 106.0, 264.0, -418.0, 251.0, -466.0, -476.0, 351.0, 13.0, -414.0, 338.0, -386.0, 125.0, -464.0, 175.0, 388.0, -309.0, 235.0, 479.0, 430.0, 7.0, -444.0, 497.0, 493.0, -105.0, -402.0, -260.0, 219.0, 241.0, -159.0, -337.0, 3.0, -432.0, -292.0, -162.0, -394.0, 454.0, 18.0, -67.0, 238.0, 496.0, 274.0, -362.0, -28.0, -54.0, 71.0, 267.0, -379.0, -500.0, -187.0, 394.0, 315.0, -311.0, 207.0, -47.0, -225.0, 153.0, -53.0, 429.0, 234.0, -25.0, 256.0, -333.0, -401.0, -144.0, -198.0, 155.0, 258.0, -138.0, 318.0, 486.0, 309.0, 63.0, 388.0, -15.0, -436.0, -470.0, 420.0, -228.0, 133.0, -374.0, 480.0, 357.0, -139.0, 152.0, -454.0, 168.0, 127.0, 453.0, 487.0, -430.0, 279.0, 358.0, -471.0, 183.0, 470.0, 113.0, -163.0, 250.0, -235.0, -170.0, -100.0, 484.0, 163.0, -496.0, -8.0, -46.0, -72.0, 122.0, -419.0, -205.0, -399.0, -317.0, 352.0, -130.0, 291.0, 254.0, -428.0, -131.0, -235.0, -260.0, 142.0, 360.0, 78.0, 261.0, 462.0, -186.0, -489.0, 425.0, 244.0, 447.0, 433.0, -122.0, 213.0, 15.0, -386.0, 364.0, 240.0, -318.0, 208.0, 371.0, 29.0, 364.0, 270.0, -136.0, -399.0, 373.0, -14.0, -236.0, 37.0, 415.0, -232.0, 186.0, 287.0, -445.0, -24.0, 405.0, -110.0, -88.0, 57.0, 153.0, 1.0, -208.0, 142.0, -442.0, -320.0, 288.0, 316.0, -382.0, 382.0, 475.0, 497.0, -18.0, -364.0, 257.0, -193.0, 34.0, 238.0, 151.0, -445.0, 346.0, 360.0, 271.0, -228.0, 480.0, 116.0, 338.0, -268.0, 275.0, -457.0, 81.0, 41.0, -351.0, 179.0, -459.0, -440.0, 14.0, 457.0, 329.0, -161.0, -431.0, 416.0, -55.0, -187.0, -329.0, 230.0, 455.0, -84.0, -453.0, 101.0, 112.0, 465.0, 296.0, -294.0, 273.0, 60.0, -221.0, -71.0, 55.0, 168.0, 248.0, -451.0, 344.0, -493.0, -349.0, 25.0, -170.0, 38.0, 26.0, 117.0, -13.0, 87.0, -35.0, 424.0, -50.0, 21.0, -88.0, 306.0, 84.0, -191.0, 170.0, 327.0, -367.0, -259.0, 60.0, 401.0, -222.0, 380.0, -380.0, 462.0, 207.0, -143.0, -463.0, -211.0, -187.0, 330.0, 253.0, -467.0, 349.0, 375.0, -115.0, -206.0, 490.0, 31.0, 393.0, -54.0, -359.0, 377.0, 244.0, -153.0, 424.0, 261.0, -41.0, -451.0, 487.0, 480.0, -25.0, -385.0, -218.0, -406.0, 339.0, 237.0, -239.0, 161.0, 122.0, 207.0, -176.0, -176.0, -429.0, 440.0, -489.0, 357.0, 387.0, 139.0, 98.0, -304.0, -272.0, -51.0, 274.0, -36.0, -245.0, 286.0, -297.0, 122.0, -258.0, 241.0, 100.0, -92.0, 354.0, -320.0, 420.0, 433.0, -290.0, -236.0, 154.0, -250.0, 277.0, 283.0, 431.0, -446.0, -427.0, -260.0, 458.0, -204.0, -276.0, -4.0, 377.0, 252.0, -87.0, -454.0, -170.0, 101.0, -51.0, 52.0, -133.0, -167.0, 166.0, -3.0, 178.0, -87.0, -366.0, -484.0, -99.0, 410.0, 453.0, 467.0, -312.0, -13.0, -57.0, -37.0, 345.0, -108.0, 364.0, -144.0, 328.0, -174.0, -499.0, 108.0, -310.0, 436.0, -199.0, 374.0, -466.0, 181.0, 381.0, 200.0, -357.0, -469.0, -384.0, -40.0, 347.0, 54.0, 207.0, 39.0, 3.0, -209.0, -9.0, -149.0, 118.0, 211.0, -59.0, 364.0, -436.0, -286.0, 312.0, -360.0, -360.0, 261.0, -226.0, 182.0, -135.0, 256.0, 208.0, 161.0, -364.0, 377.0, -346.0, -221.0, 62.0, 323.0, -302.0, 81.0, 223.0, -173.0, -279.0, -206.0, 195.0, -28.0, 384.0, -236.0, 210.0, 364.0, 255.0, -78.0, 60.0, 396.0, 438.0, 396.0, -243.0, 477.0, -365.0, 438.0, -146.0, 162.0, -167.0, -196.0, 142.0, -64.0, -202.0, -474.0, 6.0, 129.0, 216.0, -305.0, -390.0, -75.0, -150.0, 468.0, -236.0, 3.0, -216.0, 489.0, -10.0, -324.0, 386.0, 174.0, -315.0, -276.0, -351.0, -301.0, -14.0, -212.0, 462.0, -438.0, 60.0, -321.0, 13.0, 176.0, 396.0, 459.0, -187.0, 4.0, -89.0, 332.0, 210.0, -371.0, 299.0, -4.0, -366.0, -413.0, 60.0, 477.0, 165.0, -492.0, 459.0, -192.0, -299.0, -193.0, 31.0, -392.0, 21.0, 7.0, 494.0, -45.0, -494.0, -327.0, 129.0, 483.0, -477.0, -265.0, -244.0, -206.0, 425.0, -90.0, 470.0, 485.0, 229.0, 112.0, 241.0, -84.0, 290.0, -188.0, 370.0, -7.0, -132.0, -246.0, -55.0, -322.0, -440.0, -433.0, -146.0, -388.0, -82.0, -444.0, 161.0, 5.0, -471.0, 311.0, -442.0, -315.0, 89.0, -77.0, -364.0, -223.0, 239.0, -473.0, 367.0, 85.0, 268.0, -134.0, -52.0, 89.0, 422.0, 424.0, 308.0, -472.0, 421.0, 250.0, -348.0, 155.0, -449.0, 307.0, -248.0, -234.0, 24.0, -63.0, 95.0, 302.0, -191.0, -88.0, -440.0, -131.0, 25.0, 103.0, 203.0, -455.0, -224.0, 474.0, 309.0, -450.0, -388.0, 238.0, -174.0, 397.0, -374.0, -391.0, 438.0, 185.0, 250.0, 69.0, -278.0, -441.0, 368.0, 381.0, -147.0, -375.0, 473.0, -285.0, 182.0, 33.0, 32.0, -419.0, 122.0, 130.0, 3.0, 329.0, -232.0, -418.0, 61.0, 483.0, 424.0, 81.0, 411.0, 491.0, -233.0, -4.0, -187.0, 252.0, -150.0, -111.0, 248.0, 171.0, 416.0, 257.0, -437.0, -166.0, -149.0, 338.0, 277.0, -319.0, 91.0, 226.0, -328.0, 346.0, -330.0, 298.0, 218.0, 65.0, -199.0, 178.0, -397.0, -472.0, -480.0, -466.0, -405.0, 331.0, -232.0, 304.0, -405.0, 394.0, 133.0, -258.0, 40.0, 395.0, -19.0, 83.0, -428.0, 304.0, -295.0, 180.0, 348.0, 344.0, -306.0, 151.0, 67.0, 271.0, -495.0, 350.0, 66.0, -383.0, -227.0, 53.0, 444.0, 50.0, -443.0, 390.0, 483.0, 391.0, 426.0, 5.0, 322.0, -369.0, -214.0, 395.0, 92.0, 282.0, 147.0, -492.0, 280.0, -2.0, -99.0, 4.0, 188.0, 352.0, -471.0, -324.0, -221.0, 450.0, -312.0, -404.0, 454.0, 209.0, -239.0, 28.0, 300.0, 324.0, 385.0, -220.0, 470.0, -296.0, 299.0, 68.0, -493.0, -429.0, -348.0, -415.0, -398.0, -270.0, 139.0, -129.0, -125.0, 201.0, -364.0, -260.0, -113.0, 64.0, 321.0, -40.0, 169.0, 320.0, 63.0, -213.0, 141.0, -291.0, -383.0, 62.0, 135.0, 456.0, -323.0, 477.0, -415.0, 307.0, 223.0, 78.0, 204.0, -368.0, -283.0, -318.0, -109.0, 280.0, 145.0, 478.0, 142.0, -85.0, 388.0, 212.0, -454.0, -2.0, -410.0, -403.0, -359.0, -359.0, 449.0, 110.0, -35.0, -191.0, 393.0, -175.0, -134.0, 24.0, 198.0, -391.0, 475.0, 297.0, -330.0, 274.0, -43.0, -331.0, 113.0, 463.0, -90.0, 32.0, 32.0, -500.0, 404.0, -401.0, 150.0, -39.0, 70.0, 63.0, -201.0, 348.0, 349.0, 256.0, -46.0, 496.0, 173.0, -159.0, 21.0, 317.0, 184.0, -325.0, -59.0, 209.0, 128.0, -133.0, 308.0, -186.0, 257.0, -316.0, 183.0, -207.0, -225.0, 344.0, -476.0, 312.0, -32.0, 272.0, 291.0, 237.0, 118.0, 367.0, 14.0, 89.0, 28.0, 219.0, 292.0, -247.0, -310.0, 353.0, -423.0, 272.0, -262.0, 163.0, -93.0, 282.0, 339.0, -95.0, -51.0, -437.0, -16.0, -110.0, -339.0, 347.0, -144.0, 222.0, -241.0, 260.0, -491.0, -354.0, 197.0, -486.0, 442.0, 4.0, 333.0, -472.0, -199.0, 279.0, -217.0, -496.0, 294.0, -80.0, -271.0, 200.0, 400.0, 272.0, -218.0, 278.0, -441.0, -355.0, 156.0, 340.0, 480.0, -249.0, 469.0, -408.0, 450.0, -144.0, -101.0, -417.0, 214.0, -383.0, 279.0, -262.0, -462.0, 464.0, 117.0, -131.0, -495.0, -116.0, 194.0, 251.0, 28.0, -405.0, 253.0, -139.0, -324.0, -271.0, -364.0, -497.0, 362.0, -64.0, -184.0, -52.0, 174.0, -83.0, -405.0, -374.0, -444.0, -275.0, -424.0, 343.0, -370.0, 243.0, -109.0, -187.0, 188.0, 65.0, 101.0, 65.0, 303.0, -144.0, -326.0, -158.0, 313.0, 129.0, 278.0, -215.0, -400.0, 391.0, -266.0, 401.0, 384.0, -119.0, -208.0, -438.0, 90.0, 296.0, -403.0, -179.0, 288.0, 435.0, -294.0, 499.0, -433.0, -177.0, -389.0, 347.0, 97.0, 171.0, 86.0, 10.0, -266.0, 316.0, 184.0, 417.0, -400.0, -441.0, 399.0, -391.0, -326.0, -46.0, 283.0, -246.0, 121.0, -111.0, 18.0, 21.0, -371.0, 108.0, 39.0, -116.0, -33.0, 127.0, -159.0, -258.0, 335.0, -182.0, -377.0, -216.0, 262.0, -237.0, 19.0, -447.0, 204.0, -70.0, 23.0, -357.0, -46.0, -337.0, 152.0, -220.0, -499.0, -88.0, 101.0, -216.0, -443.0, 424.0, -30.0, 465.0, 269.0, -393.0, 296.0, 178.0, -333.0, -93.0, 210.0, -123.0, 313.0, 341.0, 460.0, -192.0, -135.0, 286.0, 437.0, 205.0, -89.0, -354.0, 274.0, 124.0, 57.0, 30.0, -402.0, -352.0, 357.0, -485.0, 138.0, -394.0, -476.0, 231.0, 221.0, -423.0, -248.0, 332.0, -403.0, 275.0, 116.0, -496.0, 366.0, -484.0, 339.0, 149.0, 400.0, 197.0, 96.0, -97.0, 238.0, -231.0, 410.0, -114.0, -195.0, -448.0, 104.0, 27.0, -227.0, -495.0, -456.0, -116.0, 124.0, -205.0, -276.0, -11.0, 468.0, -263.0, -14.0, -322.0, 293.0, 46.0, 470.0, -343.0, 82.0, -80.0, -49.0, 331.0, 108.0, 389.0, 397.0, -308.0, 205.0, -213.0, -38.0, -310.0, 50.0, 243.0, -84.0, -315.0, -64.0, 339.0, -306.0, 388.0, 295.0, -379.0, -337.0, -80.0, -129.0, -98.0, -365.0, -79.0, -270.0, 454.0, 481.0, 261.0, 420.0, -378.0, 91.0, 357.0, 308.0, -188.0, 187.0, -214.0, -352.0, 421.0, -18.0, -54.0, -493.0, -188.0, 166.0, 25.0, 50.0, -215.0, 92.0, -193.0, 285.0, 204.0, -497.0, 248.0, 207.0, -492.0, 494.0, -360.0, -451.0, -167.0, -81.0, 235.0, -6.0, 240.0, -238.0, -28.0, 472.0, 158.0, 327.0, 22.0, 306.0, 97.0, 161.0, -330.0, -442.0, -169.0, -409.0, -229.0, 422.0, -272.0, -149.0, 95.0, 191.0, -290.0, 467.0, 170.0, 373.0, 349.0, 42.0, 64.0, 340.0, 3.0, 472.0, -21.0, 318.0, -148.0, -79.0, 164.0, 132.0, 295.0, 283.0, -372.0, -269.0, 87.0, 327.0, -93.0, 485.0, -342.0, -252.0, 317.0, 33.0, -468.0, 188.0, 283.0, -488.0, 357.0, 106.0, -166.0, 245.0, -396.0, 168.0, -46.0, -137.0, 332.0, -302.0, 297.0, 54.0, 12.0, -361.0, -12.0, -110.0, 198.0, -23.0, -178.0, 19.0, 302.0, -182.0, 407.0, -301.0, 37.0, -454.0, 177.0, 50.0, 2.0, 461.0, -17.0, -240.0, -209.0, 98.0, -414.0, 283.0, 109.0, 31.0, -398.0, -388.0, 160.0, 104.0, -351.0, -160.0, -248.0, -1.0, 153.0, 146.0, -154.0, -138.0, -2.0, -96.0, 68.0, 8.0, 393.0, -373.0, 206.0, -236.0, -31.0, 84.0, -268.0, -154.0, 479.0, 237.0, 220.0, -23.0, 375.0, -240.0, -285.0, -161.0, -404.0, 87.0, 38.0, 107.0, -430.0, -405.0, 178.0, -500.0, 11.0, -255.0, -245.0, 147.0, 6.0, 21.0, -387.0, -487.0, 199.0, 356.0, 146.0, -210.0, 146.0, -288.0, -415.0, 289.0, 373.0, 190.0, 165.0, -255.0, 98.0, 168.0, -66.0, 104.0, -70.0, -415.0, 451.0, 16.0, -428.0, 370.0, 170.0, 145.0, -353.0, 22.0, -346.0, -254.0, 495.0, 200.0, 267.0, 496.0, -180.0, -446.0, 445.0, 53.0, 330.0, 365.0, -282.0, -384.0, 381.0, -217.0, -181.0, -419.0, 482.0, 365.0, -137.0, 234.0, 363.0, -279.0, -198.0, 423.0, -120.0, 44.0, 373.0, 458.0, 344.0, 244.0, -279.0, 458.0, 222.0, 498.0, -156.0, -322.0, -458.0, 47.0, -123.0, -65.0, 3.0, -222.0, 416.0, -322.0, 289.0, 475.0, 306.0, -307.0, 27.0, 193.0, -243.0, 494.0, 288.0, -145.0, -379.0, -418.0, -91.0, -173.0, 222.0, 32.0, 132.0, -100.0, -463.0, -427.0, -37.0, -56.0, 306.0, 27.0, 240.0, -394.0, 148.0, 236.0, -87.0, 285.0, -28.0, -446.0, 105.0, 32.0, -378.0, 440.0, -448.0, -82.0, -149.0, 191.0, -377.0, 483.0, 444.0, 18.0, 295.0, 378.0, 265.0, -47.0, 336.0, -426.0, -89.0, -362.0, 401.0, -325.0, -73.0, 297.0, -483.0, 35.0, 61.0, 375.0, 389.0, -258.0, -433.0, 301.0, 456.0, -438.0, -138.0, 367.0, -342.0, -434.0, -332.0, 272.0, -209.0, -479.0, -169.0, 364.0, 80.0, -236.0, -326.0, -307.0, 391.0, 416.0, -141.0, 346.0, -69.0, -231.0, 377.0, -213.0, 247.0, -213.0, 427.0, 142.0, -219.0, 484.0, 341.0, 43.0, -111.0, 406.0, -421.0, -250.0, -189.0, 7.0, -92.0, -70.0, 490.0, -381.0, 253.0, -103.0, -37.0, 196.0, 388.0, -113.0, -260.0, 381.0, -371.0, -261.0, 418.0, -15.0, -31.0, 234.0, -301.0, 246.0, 140.0, -186.0, 402.0, -118.0, 319.0, 326.0, -48.0, 498.0, 37.0, -309.0, -38.0, -145.0, -479.0, 175.0, 210.0, -114.0, -49.0, 160.0, 192.0, 297.0, 70.0, 124.0, -244.0, 149.0, -172.0, -326.0, 401.0, -300.0, -445.0, -100.0, -206.0, -67.0, -212.0, 75.0, 262.0, 494.0, -27.0, -105.0, -45.0, -79.0, 317.0, 382.0, -66.0, -428.0, 127.0, 49.0, -145.0, -289.0, 479.0, 174.0, -194.0, 198.0, 91.0, -433.0, 157.0, -74.0, -218.0, -454.0, 203.0, 422.0, -268.0, -167.0, 89.0, -350.0, -50.0, -146.0, 150.0, 211.0, 273.0, -410.0, 406.0, -195.0, -179.0, -495.0, 447.0, -207.0, 424.0, 92.0, -127.0, -485.0, -207.0, 283.0, 404.0, 435.0, 225.0, 427.0, 403.0, 266.0, 374.0, -316.0, 339.0, 207.0, -382.0, 205.0, -269.0, -225.0, -77.0, -53.0, -52.0, 220.0, 445.0, 324.0, 383.0, 362.0, -283.0, 222.0, 320.0, 110.0, -4.0, 491.0, -22.0, -167.0, 147.0, -197.0, -140.0, -359.0, -457.0, -217.0, 466.0, 359.0, -338.0, -303.0, -175.0, 397.0, 263.0, -321.0, 215.0, 190.0, 366.0, -27.0, -218.0, -347.0, -357.0, 234.0, -430.0, 192.0, 409.0, -167.0, 124.0, 410.0, 343.0, 114.0, -278.0, -397.0, 212.0, 236.0, 44.0, 337.0, -420.0, -492.0, 363.0, 69.0, 461.0, 466.0, -378.0, 114.0, -211.0, -182.0, -238.0, 146.0, -249.0, 265.0, 281.0, 93.0, -323.0, 291.0, -457.0, 330.0, -271.0, 66.0, 117.0, 315.0, -57.0, -485.0, 167.0, 278.0, -296.0, -203.0, 400.0, 452.0, -172.0, 328.0, -491.0, -13.0, 34.0, -307.0, 375.0, 103.0, 84.0, -323.0, 360.0, 103.0, 497.0, 249.0, 125.0, -290.0, 71.0, -401.0, -302.0, -166.0, 379.0, 465.0, 308.0, 190.0, -50.0, 328.0, -85.0, -14.0, 181.0, 439.0, -444.0, 432.0, 414.0, 22.0, 352.0, -140.0, -353.0, -49.0, -96.0, 478.0, -47.0, 292.0, 436.0, -463.0, 129.0, -136.0, 183.0, -378.0, 77.0, -310.0, -137.0, 316.0, 5.0, -164.0, -384.0, -241.0, -99.0, -203.0, -91.0, 278.0, -19.0, 392.0, 348.0, 148.0, 290.0, -32.0, -307.0, -336.0, 77.0, 265.0, -79.0, -50.0, 393.0, 366.0, 451.0, -470.0, -395.0, -85.0, 334.0, 51.0, 497.0, 218.0, -467.0, -264.0, 310.0, -80.0, -107.0, -366.0, 264.0, 486.0, -300.0, -352.0, -155.0, -271.0, 350.0, 198.0, 95.0, -411.0, 139.0, -419.0, -417.0, -498.0, -423.0, 2.0, 278.0, -413.0, 413.0, -160.0, 171.0, 267.0, 143.0, -302.0, -248.0, 316.0, 305.0, -115.0, 46.0, 154.0, -368.0, -202.0, -386.0, 196.0, -383.0, -306.0, 202.0, -170.0, -15.0, 398.0, 85.0, 225.0, -100.0, -300.0, 382.0, 472.0, -430.0, -356.0, 264.0, -430.0, -430.0, 47.0, 450.0, -428.0, 211.0, 476.0, -283.0, 153.0, 222.0, 187.0, 394.0, 434.0, -310.0, -408.0, -23.0, 480.0, 455.0, 362.0, -303.0, 424.0, 202.0, 283.0, 3.0, -325.0, -421.0, -447.0, 258.0, 125.0, 144.0, 461.0, 183.0, -326.0, 438.0, -145.0, 256.0, -283.0, -85.0, 50.0, -13.0, -185.0, -310.0, -191.0, -406.0, -59.0, 276.0, -234.0, 20.0, 88.0, -59.0, -155.0, 194.0, -369.0, -79.0, -484.0, -399.0, -90.0, 192.0, -466.0, 48.0, 142.0, -281.0, -145.0, 328.0, 287.0, -321.0, -5.0, -70.0, -166.0, -115.0, 308.0, 134.0, -457.0, -431.0, -208.0, 268.0, 422.0, -106.0, 468.0, 362.0, -437.0, 1.0, 65.0, 358.0, -347.0, 208.0, 343.0, 477.0, -152.0, -376.0, 255.0, -269.0, -168.0, 230.0], 'hr': 72.0, 'text': 'test request'}
2025-04-14 14:01:03.511 | DEBUG    | aisleep.api.main:predict_sleep_stage:385 - 信号验证通过，hr_value=72.0
2025-04-14 14:01:03.528 | ERROR    | aisleep.api.main:predict_sleep_stage:411 - 处理失败: name 'hr' is not defined
2025-04-14 14:01:03.528 | INFO     | aisleep.api.main:combined_middleware:302 - POST /api/v1/predict - 500
2025-04-14 14:01:03.701 | INFO     | aisleep.api.main:lifespan:139 - System shutdown
2025-04-14 14:01:08.081 | INFO     | aisleep.api.main:<module>:195 - Prometheus metrics enabled
2025-04-14 14:01:08.088 | INFO     | aisleep.api.main:lifespan:107 - Starting system...
2025-04-14 14:01:08.088 | INFO     | aisleep.api.main:lifespan:110 - 正在初始化Redis缓存...
2025-04-14 14:01:08.088 | INFO     | aisleep.api.main:lifespan:112 - 正在加载模型...
2025-04-14 14:01:08.093 | WARNING  | aisleep.api.main:lifespan:121 - CUDA设备未找到，将使用CPU进行推理
2025-04-14 14:01:08.093 | INFO     | aisleep.api.main:lifespan:126 - Model loaded successfully
2025-04-14 14:01:08.095 | INFO     | aisleep.api.main:lifespan:130 - System initialized
2025-04-14 14:03:35.135 | INFO     | aisleep.api.main:lifespan:139 - System shutdown
2025-04-14 14:03:35.151 | INFO     | aisleep.api.main:lifespan:139 - System shutdown
2025-04-14 14:03:54.010 | INFO     | aisleep.api.main:<module>:195 - Prometheus metrics enabled
2025-04-14 14:03:54.017 | INFO     | aisleep.api.main:lifespan:107 - Starting system...
2025-04-14 14:03:54.017 | INFO     | aisleep.api.main:lifespan:110 - 正在初始化Redis缓存...
2025-04-14 14:03:54.017 | INFO     | aisleep.api.main:lifespan:112 - 正在加载模型...
2025-04-14 14:03:54.022 | WARNING  | aisleep.api.main:lifespan:121 - CUDA设备未找到，将使用CPU进行推理
2025-04-14 14:03:54.022 | INFO     | aisleep.api.main:lifespan:126 - Model loaded successfully
2025-04-14 14:03:54.024 | INFO     | aisleep.api.main:lifespan:130 - System initialized
2025-04-14 14:06:58.273 | INFO     | aisleep.api.main:lifespan:139 - System shutdown
2025-04-14 14:07:02.172 | INFO     | aisleep.api.main:<module>:195 - Prometheus metrics enabled
2025-04-14 14:07:02.178 | INFO     | aisleep.api.main:lifespan:107 - Starting system...
2025-04-14 14:07:02.178 | INFO     | aisleep.api.main:lifespan:110 - 正在初始化Redis缓存...
2025-04-14 14:07:02.178 | INFO     | aisleep.api.main:lifespan:112 - 正在加载模型...
2025-04-14 14:07:02.184 | WARNING  | aisleep.api.main:lifespan:121 - CUDA设备未找到，将使用CPU进行推理
2025-04-14 14:07:02.184 | INFO     | aisleep.api.main:lifespan:126 - Model loaded successfully
2025-04-14 14:07:02.186 | INFO     | aisleep.api.main:lifespan:130 - System initialized
2025-04-14 14:07:05.845 | DEBUG    | aisleep.api.main:predict_sleep_stage:374 - 开始处理请求，请求数据: {'audio': [449.0, -430.0, -386.0, -302.0, 123.0, -348.0, -356.0, -387.0, -178.0, 136.0, -253.0, -379.0, -222.0, -413.0, -59.0, -408.0, 349.0, 434.0, 123.0, -2.0, 96.0, -404.0, -291.0, -417.0, -211.0, 321.0, 422.0, 362.0, 178.0, 460.0, -63.0, -412.0, 156.0, -170.0, -20.0, 261.0, -319.0, 37.0, -71.0, -12.0, -327.0, 43.0, -150.0, -128.0, -309.0, -80.0, 424.0, -440.0, 441.0, 113.0, 227.0, 272.0, -321.0, -285.0, 323.0, 346.0, 287.0, 367.0, -482.0, 303.0, 163.0, 347.0, -105.0, -134.0, 272.0, -209.0, 498.0, 242.0, -164.0, 50.0, -342.0, 348.0, 22.0, -195.0, 16.0, -370.0, -200.0, -115.0, -235.0, 112.0, 130.0, 291.0, 303.0, 52.0, -318.0, 349.0, -72.0, 233.0, -331.0, 67.0, -248.0, -24.0, -145.0, -71.0, -29.0, -13.0, 162.0, -369.0, 486.0, 197.0, -104.0, -347.0, -156.0, -344.0, 54.0, 24.0, 296.0, -250.0, 407.0, -424.0, -384.0, -121.0, -130.0, -15.0, -283.0, 456.0, 479.0, 87.0, -327.0, 392.0, -115.0, 436.0, 241.0, 36.0, -288.0, 229.0, -319.0, -134.0, 58.0, -321.0, -394.0, -318.0, -295.0, 467.0, 108.0, -296.0, 310.0, -14.0, 358.0, 287.0, -489.0, 291.0, 210.0, -451.0, -451.0, 410.0, -500.0, 419.0, 385.0, 292.0, -405.0, -77.0, -480.0, 9.0, -329.0, -334.0, 49.0, 267.0, -414.0, -348.0, -358.0, -105.0, 156.0, -432.0, 470.0, 184.0, -166.0, -442.0, 269.0, -7.0, -322.0, 27.0, -402.0, 21.0, -211.0, 76.0, 366.0, -107.0, -310.0, -127.0, -449.0, -89.0, -63.0, -377.0, -400.0, 314.0, 308.0, 60.0, 140.0, -315.0, 483.0, 496.0, -289.0, 150.0, 157.0, 305.0, -103.0, 102.0, -48.0, 126.0, 392.0, -451.0, 321.0, -245.0, 218.0, -27.0, 201.0, -233.0, -114.0, 109.0, -383.0, 241.0, -15.0, -233.0, 460.0, -421.0, 483.0, -138.0, 499.0, 134.0, 407.0, -388.0, 145.0, 464.0, 174.0, -282.0, -128.0, 97.0, -429.0, -401.0, -294.0, -146.0, 262.0, -266.0, 272.0, 118.0, -407.0, -123.0, 114.0, -454.0, 133.0, 347.0, -341.0, 76.0, 149.0, 498.0, -416.0, -372.0, -395.0, 349.0, -472.0, 1.0, -154.0, -408.0, -330.0, -490.0, -282.0, 180.0, 488.0, -410.0, 419.0, -144.0, -464.0, -17.0, 116.0, 219.0, 298.0, 22.0, 201.0, 290.0, -393.0, -277.0, 95.0, -144.0, 398.0, -118.0, -427.0, 263.0, -297.0, 25.0, 101.0, -230.0, 363.0, -437.0, -84.0, 168.0, -49.0, -322.0, 110.0, -132.0, 250.0, -138.0, -486.0, 17.0, 440.0, 88.0, 83.0, -191.0, -281.0, -307.0, -213.0, 317.0, 254.0, 187.0, 425.0, 335.0, 247.0, -378.0, 114.0, 286.0, 16.0, -394.0, -185.0, 444.0, 391.0, 414.0, 311.0, -494.0, -424.0, -96.0, -458.0, -6.0, 78.0, -268.0, 363.0, -499.0, -398.0, -480.0, 132.0, -477.0, 295.0, 192.0, 121.0, 273.0, -106.0, -384.0, 303.0, 1.0, -470.0, -183.0, -251.0, -180.0, -154.0, -299.0, -300.0, 189.0, -478.0, 268.0, -256.0, 473.0, -332.0, -497.0, -231.0, -412.0, -455.0, 226.0, -98.0, -248.0, 80.0, 265.0, 393.0, -450.0, -276.0, 221.0, 367.0, -289.0, 43.0, -214.0, -486.0, 195.0, 366.0, 382.0, 146.0, 434.0, 232.0, 269.0, -442.0, -420.0, -311.0, 191.0, 74.0, 63.0, 205.0, -3.0, 238.0, 27.0, -494.0, -207.0, 16.0, -487.0, 168.0, 286.0, 355.0, -262.0, -32.0, 30.0, 401.0, 274.0, 402.0, -491.0, -272.0, 152.0, -492.0, 360.0, 464.0, 101.0, 27.0, 262.0, -405.0, 173.0, 453.0, 455.0, 266.0, 146.0, -197.0, 80.0, -94.0, -167.0, -7.0, -215.0, 93.0, -350.0, -161.0, 78.0, 336.0, -291.0, -120.0, 426.0, 55.0, -457.0, 442.0, 141.0, 3.0, -39.0, 62.0, 109.0, 108.0, 162.0, -169.0, 451.0, -390.0, -45.0, 106.0, 125.0, 391.0, 156.0, 347.0, 98.0, 92.0, -109.0, 219.0, 40.0, -168.0, -66.0, 276.0, -44.0, -403.0, 63.0, -460.0, -35.0, -92.0, -419.0, -382.0, 232.0, -61.0, 258.0, 395.0, 307.0, -85.0, 68.0, -306.0, -466.0, 396.0, 37.0, -8.0, 14.0, -401.0, -330.0, 436.0, -320.0, 457.0, 25.0, 367.0, -335.0, -212.0, 225.0, 103.0, -449.0, 290.0, 328.0, -246.0, -226.0, 274.0, -305.0, -482.0, 73.0, 262.0, 184.0, 319.0, 308.0, 413.0, 204.0, 110.0, -499.0, -302.0, 147.0, 72.0, 458.0, 120.0, -454.0, -257.0, -388.0, 480.0, 362.0, -170.0, 338.0, 148.0, 381.0, 472.0, -311.0, 263.0, -13.0, 172.0, 452.0, 310.0, 413.0, 163.0, 226.0, 161.0, -178.0, 33.0, -389.0, -399.0, -442.0, 487.0, 498.0, -127.0, -305.0, 337.0, 473.0, -438.0, 315.0, 318.0, -387.0, -87.0, 12.0, 328.0, 262.0, 440.0, -220.0, 487.0, -211.0, 50.0, 378.0, -110.0, 116.0, -260.0, 393.0, 217.0, -12.0, -406.0, -10.0, 237.0, 279.0, 425.0, 66.0, 169.0, -259.0, -274.0, 6.0, 80.0, -270.0, 352.0, 169.0, -47.0, 411.0, 72.0, -120.0, 49.0, 258.0, 288.0, -127.0, -273.0, 247.0, -496.0, 438.0, 155.0, 346.0, -176.0, -356.0, -462.0, 217.0, -334.0, -223.0, -12.0, 15.0, -397.0, 327.0, -46.0, 82.0, -1.0, 495.0, 275.0, 46.0, 172.0, 224.0, 198.0, -169.0, 199.0, -122.0, -344.0, -244.0, -127.0, 76.0, -303.0, -265.0, -290.0, -102.0, 329.0, -284.0, 76.0, 45.0, 362.0, 208.0, -264.0, 143.0, 435.0, 329.0, 211.0, -378.0, 456.0, -301.0, 385.0, 148.0, -455.0, 220.0, 10.0, -83.0, 185.0, 152.0, -344.0, 241.0, -13.0, 111.0, -209.0, -347.0, -394.0, -344.0, -53.0, 47.0, -190.0, 134.0, 363.0, -270.0, -213.0, 489.0, 139.0, -438.0, -70.0, -319.0, -337.0, -191.0, 130.0, -211.0, 281.0, -414.0, -79.0, -346.0, 460.0, 144.0, 37.0, 264.0, -367.0, -286.0, 392.0, -96.0, 465.0, 461.0, 365.0, -93.0, -444.0, 260.0, 287.0, -53.0, 102.0, 416.0, 466.0, -413.0, -330.0, 211.0, 429.0, -18.0, 299.0, 462.0, -160.0, -85.0, 395.0, -236.0, -380.0, -347.0, 103.0, -273.0, -7.0, -377.0, -132.0, 34.0, -412.0, 186.0, 38.0, 499.0, 197.0, 367.0, -410.0, 418.0, 39.0, 440.0, 488.0, 83.0, 148.0, -261.0, 213.0, -477.0, -200.0, 32.0, -286.0, 25.0, 201.0, -252.0, -256.0, 59.0, -355.0, 493.0, 308.0, -109.0, 262.0, -357.0, 102.0, -378.0, -95.0, -62.0, -330.0, -454.0, 349.0, -162.0, -276.0, -21.0, -235.0, -314.0, -240.0, 497.0, -22.0, 29.0, 430.0, 484.0, 96.0, -277.0, 81.0, -496.0, 22.0, 414.0, -66.0, -398.0, 428.0, 98.0, 227.0, -410.0, -156.0, 374.0, 296.0, -408.0, -393.0, 33.0, 198.0, 174.0, 225.0, 45.0, 321.0, -391.0, -369.0, 181.0, 26.0, 98.0, -393.0, -151.0, 496.0, 387.0, 211.0, -98.0, -160.0, 218.0, -121.0, -122.0, -186.0, 250.0, -149.0, 441.0, -216.0, 444.0, -288.0, 40.0, 463.0, -346.0, 177.0, -374.0, 259.0, -491.0, -310.0, -485.0, 0.0, -62.0, -269.0, 88.0, 3.0, -272.0, -343.0, 498.0, -44.0, 33.0, 244.0, 305.0, 411.0, -183.0, -169.0, -237.0, -288.0, 289.0, 248.0, -201.0, -231.0, 57.0, -420.0, -338.0, -486.0, 231.0, 487.0, 39.0, 386.0, 164.0, 16.0, 431.0, 281.0, -195.0, -420.0, 115.0, 414.0, 400.0, 490.0, 313.0, -335.0, -164.0, 167.0, 156.0, 127.0, -254.0, 330.0, -113.0, -203.0, -202.0, -81.0, -144.0, -69.0, 376.0, 86.0, -2.0, 358.0, 124.0, -298.0, -66.0, 300.0, 339.0, 168.0, -496.0, 296.0, -286.0, -52.0, -122.0, 122.0, 461.0, 74.0, 293.0, -99.0, 219.0, -60.0, 108.0, 49.0, 429.0, 405.0, -66.0, -376.0, 179.0, 214.0, -290.0, -138.0, 123.0, 313.0, 183.0, 157.0, -320.0, 228.0, -421.0, -438.0, -418.0, -76.0, -318.0, 406.0, -435.0, 433.0, -316.0, 461.0, -18.0, 186.0, -58.0, -130.0, -275.0, 485.0, 460.0, -147.0, -46.0, -260.0, -152.0, 494.0, 191.0, 336.0, 75.0, -221.0, 47.0, 350.0, 94.0, 180.0, -13.0, -157.0, -253.0, -388.0, -257.0, -460.0, 256.0, 405.0, -343.0, -213.0, -286.0, 228.0, -104.0, 78.0, 136.0, -404.0, -459.0, -99.0, 353.0, -232.0, -261.0, -234.0, -458.0, 213.0, 253.0, -113.0, -493.0, 125.0, 417.0, 94.0, 208.0, 483.0, 104.0, -276.0, 77.0, -243.0, 286.0, -448.0, -65.0, 149.0, 224.0, -65.0, -169.0, 187.0, 12.0, -13.0, 4.0, -77.0, -286.0, 324.0, 497.0, 399.0, 389.0, -392.0, -386.0, 56.0, -425.0, -381.0, 251.0, 34.0, 86.0, -491.0, -492.0, -295.0, 89.0, 378.0, -54.0, -278.0, 386.0, 481.0, 269.0, -416.0, 273.0, -144.0, 107.0, 304.0, -92.0, 127.0, -258.0, 378.0, -389.0, 274.0, -424.0, 393.0, -156.0, 178.0, -180.0, 185.0, -471.0, -429.0, 21.0, -320.0, -311.0, 8.0, 184.0, -8.0, -366.0, 420.0, 56.0, 268.0, 83.0, -422.0, -20.0, 14.0, 194.0, -449.0, -480.0, 188.0, -10.0, -343.0, 284.0, 413.0, -80.0, -318.0, 180.0, -49.0, 259.0, -55.0, 316.0, -250.0, 442.0, 88.0, -430.0, -208.0, 242.0, 470.0, 374.0, -494.0, -395.0, 86.0, -137.0, -188.0, -491.0, -110.0, 257.0, 34.0, -26.0, 49.0, 64.0, -22.0, 166.0, 141.0, 36.0, 497.0, -155.0, -214.0, -73.0, -242.0, 147.0, 370.0, -209.0, -269.0, 84.0, 377.0, 75.0, 429.0, 265.0, -148.0, -415.0, -231.0, -57.0, -382.0, -169.0, 32.0, -327.0, -240.0, 486.0, 382.0, -107.0, 321.0, 192.0, 322.0, -195.0, -351.0, -264.0, 19.0, -70.0, 129.0, -123.0, -22.0, 100.0, 177.0, -145.0, -4.0, -449.0, -183.0, 193.0, 302.0, 355.0, -444.0, 206.0, 325.0, -15.0, 390.0, 373.0, 417.0, 25.0, -150.0, 144.0, 190.0, -325.0, -109.0, 9.0, -323.0, 176.0, -197.0, -369.0, 180.0, 23.0, 73.0, -39.0, -336.0, 192.0, 406.0, -337.0, -234.0, -327.0, 144.0, -304.0, -21.0, 6.0, 72.0, -379.0, 185.0, -408.0, -35.0, -48.0, 223.0, -153.0, -339.0, 180.0, -215.0, -273.0, -361.0, -12.0, 191.0, 364.0, -166.0, 151.0, 340.0, -188.0, -476.0, 401.0, 283.0, -426.0, -46.0, 34.0, -49.0, 79.0, 285.0, 235.0, -94.0, 438.0, -487.0, 343.0, 445.0, -295.0, -310.0, -472.0, -460.0, -206.0, 318.0, -261.0, -430.0, 488.0, -491.0, 281.0, -430.0, -459.0, -425.0, 189.0, -95.0, -453.0, 31.0, -432.0, -283.0, -409.0, -462.0, 170.0, -13.0, 260.0, 38.0, 179.0, -225.0, -300.0, 227.0, -498.0, -6.0, 468.0, 354.0, 441.0, 303.0, -251.0, 33.0, 76.0, 67.0, -488.0, 463.0, -315.0, -184.0, 275.0, -368.0, 430.0, 61.0, 131.0, 186.0, 124.0, -213.0, -391.0, -324.0, -345.0, -277.0, 366.0, 292.0, -127.0, 206.0, -478.0, -473.0, -429.0, 427.0, 427.0, -180.0, 453.0, 358.0, -233.0, 266.0, -366.0, 221.0, -74.0, -6.0, 341.0, 264.0, -448.0, -74.0, 146.0, -461.0, 450.0, -239.0, -27.0, 254.0, -160.0, 221.0, -74.0, -270.0, 152.0, 82.0, 107.0, -442.0, 345.0, 342.0, 440.0, -196.0, -333.0, 49.0, 116.0, 253.0, -412.0, -127.0, 36.0, 387.0, 87.0, 4.0, 85.0, 388.0, -343.0, 135.0, 123.0, -309.0, 32.0, 408.0, 499.0, -346.0, 333.0, -54.0, 428.0, -23.0, 80.0, 295.0, -354.0, -462.0, 267.0, -472.0, 153.0, 307.0, -227.0, 97.0, -226.0, 320.0, 308.0, -424.0, -344.0, -432.0, -228.0, 31.0, -150.0, 199.0, -122.0, -282.0, -415.0, -386.0, 290.0, 432.0, -29.0, 473.0, -364.0, -440.0, -166.0, -224.0, -51.0, 75.0, -344.0, 162.0, -175.0, -375.0, 276.0, -261.0, -80.0, 128.0, -240.0, -239.0, -113.0, 182.0, 362.0, 57.0, -15.0, 470.0, 11.0, -371.0, -47.0, -261.0, 227.0, 429.0, 408.0, 80.0, 369.0, 125.0, -28.0, -119.0, 465.0, 25.0, -268.0, 76.0, 68.0, 307.0, -67.0, -21.0, -225.0, -182.0, 334.0, -19.0, -60.0, 112.0, 241.0, 292.0, 389.0, 457.0, -420.0, -492.0, 279.0, -74.0, -169.0, -11.0, 478.0, 336.0, 66.0, -264.0, -496.0, -417.0, -469.0, 415.0, -331.0, -270.0, -370.0, -223.0, -30.0, 160.0, 362.0, 335.0, -389.0, 337.0, 350.0, 109.0, 283.0, -173.0, -452.0, -352.0, 425.0, -395.0, -147.0, 37.0, 284.0, 264.0, -433.0, -379.0, 124.0, -207.0, 119.0, 137.0, -169.0, 66.0, 284.0, -198.0, 319.0, 293.0, 280.0, -100.0, 374.0, -51.0, -312.0, 48.0, 402.0, 57.0, -120.0, 374.0, -173.0, -347.0, 168.0, 6.0, -211.0, 396.0, 164.0, 212.0, -439.0, 47.0, -396.0, -151.0, 37.0, 84.0, 187.0, 191.0, -400.0, -60.0, 271.0, 112.0, -32.0, -133.0, 305.0, -191.0, -457.0, -343.0, 144.0, 147.0, 177.0, -11.0, -298.0, -364.0, 243.0, -354.0, 252.0, -340.0, -281.0, 86.0, -367.0, 307.0, -167.0, 191.0, 172.0, 409.0, 223.0, 316.0, -223.0, -156.0, 103.0, 187.0, -23.0, -3.0, -148.0, 7.0, -242.0, 271.0, -301.0, 210.0, -378.0, 104.0, 72.0, -292.0, 306.0, 301.0, 444.0, 43.0, -317.0, 294.0, -89.0, -415.0, 65.0, 357.0, -444.0, 336.0, 114.0, -347.0, -498.0, -198.0, 36.0, 397.0, 3.0, -311.0, -114.0, 421.0, -319.0, -358.0, -236.0, 154.0, 71.0, 27.0, -331.0, -231.0, -37.0, 181.0, -335.0, 463.0, 318.0, -7.0, 331.0, 423.0, 334.0, 321.0, 56.0, 153.0, -473.0, 409.0, 145.0, 107.0, -494.0, -362.0, 218.0, 373.0, -249.0, 169.0, 154.0, 235.0, -138.0, -210.0, 139.0, -483.0, 36.0, -234.0, -172.0, -184.0, 283.0, -102.0, 326.0, 154.0, -495.0, -270.0, -276.0, 294.0, -292.0, -233.0, -162.0, 105.0, 390.0, 219.0, -306.0, -340.0, 338.0, 113.0, 354.0, -97.0, -371.0, 182.0, -274.0, -325.0, 45.0, 433.0, 317.0, -207.0, -448.0, -198.0, 398.0, 63.0, 245.0, 430.0, -74.0, -115.0, -364.0, 317.0, 182.0, -487.0, 226.0, -176.0, -257.0, -306.0, -179.0, -461.0, 267.0, 260.0, -234.0, 271.0, -253.0, -316.0, 225.0, 207.0, 326.0, 306.0, 16.0, -395.0, -324.0, -389.0, 144.0, 472.0, -196.0, 250.0, 179.0, -183.0, -116.0, 181.0, -489.0, -150.0, -405.0, 273.0, 213.0, 194.0, -253.0, 335.0, -340.0, -272.0, 437.0, 453.0, -457.0, -203.0, 295.0, -127.0, -10.0, -18.0, 126.0, -391.0, 17.0, 251.0, 324.0, 59.0, 194.0, 349.0, -379.0, -297.0, 479.0, -349.0, 126.0, -402.0, 290.0, -496.0, -338.0, 303.0, 263.0, 160.0, -161.0, -322.0, 119.0, 439.0, -422.0, -42.0, -84.0, -463.0, 388.0, -428.0, -24.0, 206.0, 304.0, 363.0, 364.0, 381.0, 335.0, -168.0, 288.0, 8.0, -472.0, 39.0, -438.0, -368.0, 123.0, -380.0, 209.0, 313.0, 339.0, -35.0, 227.0, 149.0, 21.0, -39.0, 468.0, 426.0, 5.0, -225.0, -419.0, 426.0, 456.0, -342.0, -381.0, -346.0, -275.0, -453.0, -455.0, 336.0, 487.0, -199.0, 22.0, -334.0, -195.0, -374.0, -249.0, 60.0, 29.0, -87.0, 163.0, 181.0, -18.0, 250.0, -106.0, 241.0, 309.0, -219.0, -286.0, -407.0, -500.0, -102.0, 219.0, -448.0, -292.0, -235.0, 277.0, 167.0, -372.0, -266.0, -482.0, -96.0, -334.0, -229.0, -375.0, 261.0, 404.0, -218.0, 379.0, 129.0, -56.0, 315.0, 94.0, -215.0, -443.0, -219.0, -334.0, -219.0, 204.0, -244.0, -405.0, -360.0, 374.0, 284.0, -134.0, 398.0, 35.0, -332.0, -213.0, 112.0, 141.0, -492.0, 411.0, -289.0, -53.0, -83.0, 455.0, -109.0, -444.0, -75.0, -271.0, -171.0, -47.0, 67.0, 218.0, -73.0, 497.0, 3.0, -74.0, 218.0, 146.0, -417.0, -497.0, -305.0, -459.0, 377.0, 226.0, -135.0, 98.0, -49.0, 473.0, -310.0, 323.0, 375.0, 338.0, 211.0, 377.0, -219.0, 422.0, -16.0, 157.0, -268.0, -405.0, 329.0, -144.0, -87.0, -412.0, -280.0, 60.0, 154.0, -338.0, 45.0, 177.0, 401.0, 244.0, 60.0, -483.0, 143.0, 302.0, 205.0, 390.0, -39.0, -342.0, -298.0, 468.0, 449.0, 320.0, -402.0, 307.0, 461.0, -485.0, -196.0, 425.0, 54.0, -326.0, -225.0, 394.0, -17.0, -407.0, -319.0, -15.0, 346.0, -178.0, 425.0, 488.0, 196.0, 283.0, -209.0, 496.0, 224.0, -4.0, 279.0, 373.0, -444.0, 14.0, 7.0, -2.0, -90.0, -62.0, -152.0, -203.0, -223.0, -23.0, 326.0, 244.0, 257.0, -82.0, 205.0, 118.0, 82.0, -79.0, -304.0, -264.0, -163.0, -375.0, 495.0, -383.0, -278.0, -422.0, -482.0, -331.0, -207.0, 167.0, 79.0, 477.0, 465.0, -262.0, -308.0, 110.0, 396.0, -440.0, -170.0, 417.0, 64.0, -144.0, 174.0, -130.0, 66.0, 117.0, -85.0, -9.0, -172.0, 342.0, 329.0, 18.0, 3.0, 428.0, 64.0, 36.0, 458.0, -208.0, 92.0, -330.0, 136.0, 318.0, 278.0, 388.0, -271.0, -36.0, -198.0, -71.0, 87.0, -421.0, -383.0, 426.0, 228.0, -390.0, -466.0, -425.0, 10.0, -366.0, -184.0, -333.0, 210.0, -300.0, -477.0, 28.0, 202.0, 225.0, 428.0, -94.0, -1.0, -222.0, -43.0, -24.0, -297.0, 496.0, 41.0, -172.0, -144.0, 387.0, 105.0, 25.0, -243.0, 167.0, -19.0, 151.0, -442.0, -255.0, 243.0, 239.0, -278.0, -479.0, 181.0, -45.0, -145.0, 229.0, 265.0, -263.0, -416.0, -424.0, 54.0, -43.0, 361.0, 65.0, 128.0, 302.0, -337.0, -126.0, -248.0, -474.0, 409.0, 250.0, 195.0, 288.0, 262.0, -408.0, 250.0, 495.0, -35.0, -172.0, 351.0, 322.0, -189.0, -314.0, -336.0, -362.0, -51.0, -79.0, -164.0, -390.0, 377.0, 316.0, -390.0, -469.0, 26.0, 267.0, 477.0, -202.0, 328.0, -60.0, 258.0, -283.0, -325.0, -101.0, -62.0, -170.0, 371.0, -322.0, 94.0, 102.0, 253.0, -211.0, 221.0, -2.0, 391.0, -81.0, -201.0, 136.0, -194.0, -34.0, 436.0, -141.0, 364.0, 155.0, 117.0, 201.0, 457.0, -483.0, -367.0, 173.0, 396.0, 300.0, -87.0, 225.0, 420.0, -125.0, 308.0, -206.0, 84.0, 214.0, 409.0, -312.0, 338.0, 101.0, 429.0, -156.0, 302.0, 152.0, 174.0, -374.0, 97.0, -56.0, -237.0, -200.0, -428.0, -108.0, -441.0, -77.0, 363.0, -165.0, 13.0, -219.0, 221.0, -81.0, -92.0, 333.0, -441.0, 167.0, -354.0, 76.0, 87.0, 209.0, 89.0, 438.0, 344.0, -364.0, -456.0, -490.0, -20.0, -449.0, 407.0, 18.0, -151.0, 422.0, 256.0, -454.0, -284.0, 348.0, 382.0, 470.0, -92.0, -199.0, -294.0, -92.0, -446.0, -62.0, 136.0, 209.0, -314.0, -497.0, 1.0, 383.0, 225.0, -81.0, -490.0, -199.0, -78.0, 177.0, 155.0, -56.0, -12.0, 486.0, -485.0, 156.0, -426.0, 92.0, 338.0, 381.0, 112.0, 234.0, -296.0, -188.0, 20.0, 201.0, -256.0, 404.0, -447.0, -318.0, -116.0, 230.0, 125.0, -415.0, -241.0, -11.0, 16.0, -295.0, 288.0, -75.0, 290.0, 416.0, -140.0, -454.0, 242.0, 217.0, 423.0, -281.0, -250.0, -350.0, -214.0, -39.0, 50.0, 366.0, 66.0, 326.0, -150.0, -283.0, -45.0, -437.0, 381.0, 312.0, 416.0, -140.0, 399.0, -254.0, -187.0, -232.0, 31.0, -216.0, 371.0, -466.0, -449.0, -477.0, -288.0, -371.0, 201.0, -184.0, 444.0, -91.0, -19.0, 207.0, -86.0, 13.0, -401.0, 407.0, -100.0, -355.0, 302.0, -478.0, -355.0, 186.0, 324.0, 343.0, -122.0, -473.0, -12.0, 227.0, 77.0, 489.0, 191.0, -400.0, -496.0, 417.0, -308.0, 331.0, 320.0, 109.0, 100.0, -215.0, 124.0, 330.0, 400.0, -49.0, -375.0, -286.0, -213.0, 263.0, 71.0, 61.0, 385.0, -341.0, -58.0, -294.0, -268.0, 354.0, 17.0, 72.0, 78.0, -497.0, 135.0, -316.0, -245.0, 116.0, -345.0, 177.0, -292.0, -336.0, -236.0, 66.0, 134.0, 345.0, -333.0, -157.0, -64.0, 494.0, -500.0, -250.0, 83.0, -422.0, -442.0, -125.0, 153.0, -45.0, 283.0, 446.0, -404.0, 242.0, 428.0, -392.0, -87.0, -387.0, 105.0, 81.0, 211.0, 423.0, 453.0, 139.0, -373.0, -194.0, -118.0, 353.0, -313.0, -483.0, 14.0, -142.0, -420.0, 315.0, -330.0, -499.0, 23.0, 38.0, -474.0, -197.0, 154.0, -469.0, 186.0, 57.0, -158.0, -123.0, -219.0, 313.0, 25.0, -288.0, -354.0, 348.0, -146.0, 434.0, 331.0, -443.0, 175.0, 450.0, -29.0, 269.0, -5.0, -314.0, -267.0, -158.0, 198.0, -482.0, 355.0, 192.0, 490.0, 148.0, 147.0, 334.0, -301.0, 496.0, -481.0, -86.0, -45.0, 81.0, 351.0, -9.0, 263.0, 189.0, -229.0, -134.0, -112.0, -327.0, 330.0, -72.0, -472.0, 329.0, -129.0, 383.0, -164.0, 85.0, 43.0, -43.0, 246.0, -246.0, 198.0, 301.0, 158.0, -344.0, -461.0, -277.0, 223.0, -176.0, -457.0, -249.0, -282.0, -203.0, 441.0, -126.0, 492.0, 209.0, -382.0, 219.0, -189.0, 21.0, 201.0, -134.0, 188.0, -41.0, -213.0, 365.0, -145.0, 125.0, -489.0, 229.0, 217.0, -425.0, 38.0, 360.0, -252.0, -162.0, 352.0, 169.0, -82.0, -378.0, 297.0, -358.0, -188.0, 407.0, -330.0, 30.0, -221.0, 128.0, 432.0, 255.0, -78.0, -392.0, 148.0, -251.0, -268.0, 266.0, 356.0, -87.0, 352.0, -244.0, -484.0, 388.0, -88.0, -34.0, -181.0, 263.0, 309.0, -488.0, 446.0, 15.0, -11.0, -355.0, -425.0, 289.0, -474.0, -323.0, -172.0, -193.0, -266.0, 200.0, 369.0, 213.0, -281.0, -46.0, -374.0, -402.0, -77.0, -32.0, -273.0, 210.0, 151.0, 58.0, -177.0, 222.0, -407.0, -462.0, -306.0, -274.0, 457.0, -357.0, 19.0, 40.0, 379.0, 35.0, 219.0, 172.0, 385.0, -96.0, -362.0, -380.0, 425.0, -275.0, 68.0, -435.0, 101.0, 167.0, 245.0, 419.0, 231.0, -133.0, 261.0, -117.0, 144.0, -180.0, 401.0, -272.0, 298.0, 222.0, 273.0, 191.0, 480.0, -84.0, 290.0, -35.0, -142.0, -119.0, -433.0, 184.0, 131.0, 268.0, -305.0, 265.0, 487.0, 400.0, 278.0, 205.0, -87.0, -420.0, -104.0, -1.0, 471.0, -161.0, 240.0, 379.0, -39.0, -480.0, 222.0, 420.0, 379.0, -474.0, -426.0, 257.0, -244.0, -46.0, 203.0, -266.0, -11.0, 425.0, 237.0, 75.0, -199.0, -488.0, -224.0, -277.0, 496.0, -74.0, -199.0, 327.0, 391.0, 482.0, 447.0, -7.0, -475.0, -95.0, 413.0, 463.0, 4.0, -148.0, 283.0, -40.0, 420.0, -60.0, -314.0, 398.0, 424.0, -137.0, 178.0, 7.0, 161.0, -311.0, -203.0, 294.0, 55.0, -196.0, -309.0, -185.0, -189.0, 28.0, 144.0, -287.0, -254.0, 52.0, 494.0, -230.0, 231.0, -82.0, -207.0, -274.0, -206.0, -276.0, -439.0, -444.0, 326.0, 15.0, 321.0, -285.0, -366.0, -118.0, 318.0, 492.0, -200.0, 68.0, -302.0, 455.0, 260.0, -282.0, 117.0, -293.0, 69.0, 171.0, 275.0, 333.0, 327.0, -85.0, 46.0, 348.0, -9.0, -35.0, -10.0, 98.0, 202.0, 264.0, 426.0, 409.0, 147.0, 106.0, -463.0, -400.0, 283.0, -238.0, 25.0, -331.0, -244.0, 369.0, 41.0, 166.0, 156.0, -452.0, -212.0, -315.0, -117.0, -269.0, -122.0, 356.0, 25.0, -308.0, 151.0, -79.0, 15.0, -86.0, 230.0, 181.0, 354.0, -175.0, 396.0, 125.0, -5.0, 86.0, 8.0, -476.0, 431.0, -153.0, -42.0, -449.0, 112.0, -325.0, -128.0, -263.0, -88.0, 121.0, 223.0, -192.0, 316.0, -162.0, -273.0, 191.0, 122.0, 317.0, 434.0, -73.0, -124.0, -152.0, 119.0, 483.0, 47.0, -109.0, 329.0, -422.0, -218.0, -86.0, 495.0, -34.0, -478.0, 412.0, 252.0, -459.0, -50.0, -471.0, -245.0, -128.0, -38.0, -444.0, 322.0, -217.0, -232.0, -304.0, 480.0, -484.0, -180.0, -373.0, -104.0, -316.0, -93.0, -357.0, -394.0, 43.0, -56.0, -266.0, 304.0, -154.0, 80.0, -251.0, -213.0, 15.0, 81.0, -437.0, 341.0, -364.0, 188.0, 390.0, 212.0, -76.0, -292.0, -5.0, 338.0, -199.0, 120.0, -376.0, 42.0, -173.0, -154.0, -183.0, -246.0, 360.0, 425.0, 15.0, -319.0, -37.0, -104.0, 153.0, 5.0, 110.0, -460.0, -270.0, -224.0, 169.0, 267.0, 418.0, 274.0, -20.0, 251.0, -475.0, -164.0, -169.0, -273.0, -27.0, -164.0, -126.0, 56.0, -362.0, 118.0, 70.0, 422.0, -114.0, 160.0, 227.0, 180.0, 317.0, -120.0, -204.0, 346.0, -77.0, -153.0, -342.0, 80.0, 368.0, 340.0, 157.0, 54.0, -479.0, 263.0, 101.0, 123.0, -324.0, -449.0, 210.0, 404.0, -204.0, -322.0, -164.0, 380.0, 208.0, 321.0, 322.0, -175.0, -445.0, -41.0, 465.0, -348.0, 226.0, -435.0, 321.0, -266.0, 251.0, -439.0, 191.0, -479.0, 46.0, -474.0, 179.0, 155.0, -26.0, 150.0, 140.0, -141.0, -229.0, 219.0, 138.0, -230.0, -285.0, -412.0, 62.0, -7.0, 94.0, -124.0, -204.0, 123.0, -205.0, 262.0, 119.0, 356.0, -370.0, 461.0, -389.0, 290.0, -420.0, -266.0, 290.0, 429.0, -285.0, -405.0, 254.0, -294.0, 228.0, 72.0, 377.0, -240.0, -49.0, 333.0, -199.0, 153.0, 150.0, -214.0, -499.0, -442.0, -417.0, -300.0, 294.0, -322.0, 74.0, 149.0, -438.0, -83.0, 217.0, 208.0, -226.0, 417.0, -474.0, 49.0, -187.0, 444.0, 129.0, -396.0, 195.0, 87.0, -281.0, -200.0, 433.0, 422.0, 68.0, 250.0, -298.0, 97.0, 107.0, 193.0, 207.0, 107.0, -320.0, 333.0, -11.0, 368.0, -41.0, -297.0, -52.0, 261.0, 294.0, 229.0, 448.0, -301.0, 36.0, -179.0, -147.0, -58.0, -385.0, 447.0, 399.0, 2.0, -190.0, -115.0, 376.0, -436.0, 202.0, -14.0, -350.0, 333.0, 13.0, -397.0, 400.0, 415.0, -429.0, -124.0, 284.0, -225.0, -98.0, 389.0, 459.0, 157.0, 341.0, -431.0, 359.0, -42.0, 236.0, 480.0, -73.0, -451.0, -406.0, 289.0, -354.0, -58.0, 108.0, -346.0, -249.0, -448.0, -247.0, -329.0, 406.0, 459.0, 185.0, -16.0, 62.0, -29.0, 194.0, -358.0, 194.0, -115.0, -167.0, -176.0, -339.0, -195.0, 388.0, 238.0, 241.0, 190.0, -332.0, -43.0, -404.0, 398.0, 134.0, 289.0, 80.0, 138.0, 482.0, -46.0, -160.0, -452.0, 110.0, 314.0, -429.0, 349.0, -100.0, -157.0, 403.0, -38.0, -214.0, 4.0, 409.0, -408.0, 223.0], 'hr': 72.0, 'text': 'test request'}
2025-04-14 14:07:05.847 | DEBUG    | aisleep.api.main:predict_sleep_stage:386 - 信号验证通过，hr_value=72.0
2025-04-14 14:07:05.864 | ERROR    | aisleep.api.main:predict_sleep_stage:412 - 处理失败: name 'hr' is not defined
2025-04-14 14:07:05.865 | INFO     | aisleep.api.main:combined_middleware:302 - POST /api/v1/predict - 500
2025-04-14 14:08:52.639 | DEBUG    | aisleep.api.main:predict_sleep_stage:374 - 开始处理请求，请求数据: {'audio': [351.0, -93.0, 467.0, 421.0, 134.0, 258.0, 24.0, 226.0, 332.0, -419.0, 189.0, 329.0, 7.0, 141.0, -85.0, -206.0, -160.0, -419.0, 270.0, -158.0, -476.0, -240.0, -217.0, -330.0, -103.0, 116.0, 17.0, -277.0, -5.0, -454.0, 389.0, -122.0, 395.0, -109.0, 356.0, -196.0, -31.0, 408.0, -17.0, -122.0, -61.0, -429.0, 12.0, -450.0, -241.0, -9.0, -252.0, -145.0, 223.0, 467.0, 46.0, 440.0, 134.0, 333.0, -297.0, -172.0, 249.0, -107.0, -423.0, 180.0, -494.0, 383.0, -35.0, -290.0, 309.0, -304.0, 421.0, -412.0, -40.0, 433.0, 127.0, 339.0, 283.0, -480.0, 474.0, 332.0, 484.0, 467.0, 374.0, -394.0, -157.0, 487.0, -243.0, 365.0, -38.0, -500.0, 328.0, 0.0, 375.0, -22.0, 84.0, -347.0, -37.0, -22.0, 27.0, 338.0, 81.0, 164.0, 306.0, 443.0, 27.0, -325.0, 400.0, 259.0, 289.0, -169.0, 204.0, -469.0, 134.0, -217.0, 276.0, 354.0, -194.0, -414.0, -26.0, -252.0, -327.0, -432.0, 490.0, 367.0, 252.0, 61.0, 67.0, 130.0, -474.0, -368.0, -66.0, -288.0, -353.0, 476.0, 235.0, 153.0, 120.0, -193.0, -215.0, 53.0, 476.0, 340.0, -483.0, -164.0, -112.0, -371.0, -185.0, 429.0, 164.0, -110.0, 466.0, 39.0, -1.0, -347.0, 65.0, -439.0, -492.0, 446.0, -338.0, 152.0, 421.0, -473.0, -242.0, 42.0, -323.0, -466.0, 157.0, 344.0, -343.0, 424.0, -310.0, 402.0, -196.0, -151.0, 254.0, 100.0, -492.0, 214.0, 341.0, -300.0, -125.0, -416.0, 482.0, 485.0, 478.0, -259.0, 38.0, 134.0, -440.0, 301.0, -10.0, 181.0, 183.0, -187.0, -382.0, -218.0, -216.0, -195.0, -16.0, 46.0, -320.0, 274.0, 398.0, 417.0, 406.0, -171.0, 46.0, -417.0, -235.0, 207.0, -497.0, -399.0, -259.0, 375.0, 14.0, -224.0, -344.0, 263.0, -251.0, -184.0, 49.0, -48.0, -302.0, 288.0, 291.0, 112.0, 319.0, -7.0, 425.0, -265.0, 490.0, -301.0, 186.0, -271.0, -169.0, 95.0, -5.0, -389.0, -88.0, 103.0, 12.0, 73.0, 495.0, -208.0, -168.0, -228.0, 330.0, 135.0, -183.0, -12.0, -1.0, 426.0, 292.0, 415.0, -377.0, 84.0, 274.0, -425.0, -287.0, -87.0, -289.0, 490.0, -143.0, 475.0, -479.0, -412.0, 171.0, -352.0, -70.0, -417.0, 78.0, -178.0, -405.0, 350.0, -208.0, 55.0, -10.0, 45.0, 174.0, 222.0, 201.0, 487.0, -379.0, 327.0, -356.0, -498.0, -332.0, -253.0, -254.0, -189.0, 117.0, 148.0, -26.0, 317.0, -261.0, -438.0, -405.0, -277.0, 439.0, 453.0, -357.0, 295.0, 439.0, -63.0, 389.0, -214.0, -488.0, -214.0, 352.0, -474.0, 381.0, 471.0, -62.0, -479.0, -304.0, -13.0, 32.0, -434.0, 355.0, -376.0, 128.0, 314.0, 5.0, 114.0, -86.0, 234.0, 251.0, -416.0, 265.0, -368.0, -365.0, 350.0, -444.0, -74.0, 106.0, -122.0, -89.0, -57.0, -267.0, -458.0, -251.0, -298.0, -240.0, 60.0, 229.0, -286.0, 427.0, 80.0, -385.0, 62.0, -445.0, 215.0, -386.0, -353.0, 195.0, 457.0, -433.0, -196.0, -55.0, 16.0, -154.0, -256.0, 496.0, 435.0, -417.0, 46.0, 365.0, -275.0, 238.0, -161.0, -386.0, 112.0, -137.0, 136.0, -176.0, 46.0, 79.0, 147.0, 95.0, -499.0, -291.0, -271.0, -282.0, 223.0, 215.0, 42.0, -453.0, -359.0, -244.0, -112.0, 485.0, 114.0, 222.0, 1.0, 427.0, 351.0, 4.0, -310.0, -200.0, 269.0, 29.0, -90.0, 106.0, -71.0, -400.0, -218.0, 185.0, 459.0, -31.0, -307.0, 480.0, 91.0, -253.0, 304.0, 399.0, 264.0, 44.0, 147.0, -59.0, 241.0, -262.0, -407.0, 340.0, 58.0, -326.0, -211.0, -171.0, 176.0, -198.0, -189.0, -179.0, -225.0, 226.0, -71.0, 466.0, -274.0, -324.0, 363.0, 354.0, 425.0, 457.0, -321.0, -29.0, -289.0, 19.0, 376.0, 68.0, -107.0, -446.0, 275.0, -341.0, 323.0, -453.0, 328.0, 490.0, -355.0, 312.0, -295.0, -425.0, 17.0, 45.0, -274.0, -348.0, 264.0, -133.0, -216.0, -430.0, -328.0, 306.0, 285.0, 227.0, -166.0, -186.0, 306.0, -462.0, 256.0, -41.0, -104.0, 268.0, 392.0, 324.0, -152.0, -250.0, -395.0, -204.0, -36.0, 234.0, -317.0, -52.0, 158.0, -170.0, -40.0, 22.0, 494.0, 279.0, -338.0, -255.0, 332.0, -173.0, -256.0, 432.0, 94.0, 294.0, -442.0, 153.0, 373.0, -51.0, -34.0, -250.0, 225.0, -152.0, -233.0, -314.0, 98.0, 116.0, 93.0, 71.0, 490.0, -160.0, -344.0, -372.0, 411.0, -319.0, 497.0, 87.0, -199.0, -129.0, -268.0, -184.0, 448.0, -354.0, -2.0, -208.0, 199.0, 70.0, -209.0, -174.0, 135.0, -403.0, 300.0, 211.0, 62.0, -254.0, -212.0, -122.0, 121.0, 0.0, 499.0, -458.0, -129.0, 481.0, 168.0, 495.0, 22.0, -306.0, -26.0, -279.0, -151.0, -357.0, 355.0, -90.0, -106.0, -431.0, -405.0, 330.0, 168.0, -282.0, -164.0, 219.0, -350.0, 407.0, -223.0, 246.0, -100.0, -482.0, 90.0, -260.0, 53.0, -83.0, 101.0, -247.0, -140.0, -315.0, 486.0, 352.0, 485.0, -490.0, 403.0, -68.0, -463.0, -446.0, -350.0, 447.0, -399.0, -162.0, 253.0, -29.0, -480.0, 44.0, -228.0, -192.0, 483.0, 308.0, 419.0, -202.0, 341.0, 401.0, -257.0, -245.0, -485.0, -154.0, -381.0, -65.0, 136.0, -461.0, -235.0, 196.0, -423.0, -352.0, -110.0, -434.0, -402.0, 251.0, 384.0, 41.0, 388.0, 454.0, 286.0, -137.0, -344.0, -163.0, -70.0, 422.0, 396.0, -342.0, 17.0, -209.0, 287.0, 177.0, 235.0, 491.0, 61.0, 160.0, 354.0, -334.0, -488.0, -366.0, 245.0, 301.0, -426.0, -25.0, -103.0, 447.0, -298.0, 464.0, -224.0, 353.0, -290.0, -68.0, -127.0, 427.0, 191.0, 56.0, 44.0, 459.0, -331.0, 214.0, -104.0, -282.0, 268.0, -231.0, -136.0, -323.0, -198.0, 63.0, 199.0, 195.0, 463.0, 25.0, -231.0, 99.0, -264.0, -377.0, 105.0, -189.0, 358.0, -14.0, -339.0, -421.0, 339.0, -484.0, -420.0, 476.0, -238.0, 367.0, 5.0, 262.0, -13.0, -379.0, -478.0, -159.0, -47.0, -6.0, 314.0, -55.0, 33.0, -242.0, 149.0, -483.0, 271.0, -343.0, -8.0, 45.0, -292.0, -281.0, -337.0, 51.0, -154.0, -425.0, -378.0, -320.0, 394.0, -93.0, -356.0, -352.0, 385.0, -272.0, 306.0, -46.0, 441.0, 481.0, -20.0, 414.0, -144.0, -107.0, 492.0, 39.0, -176.0, -461.0, 460.0, -306.0, -403.0, 416.0, -120.0, 282.0, 211.0, -35.0, 407.0, 322.0, -396.0, 54.0, -91.0, -417.0, -394.0, 40.0, 186.0, -283.0, 101.0, -261.0, -164.0, 185.0, 109.0, -415.0, -331.0, 8.0, 478.0, -360.0, -459.0, -291.0, -418.0, -361.0, 267.0, -12.0, -34.0, 59.0, 479.0, 375.0, 28.0, -487.0, -18.0, 263.0, -20.0, 68.0, -44.0, -40.0, 490.0, 262.0, -16.0, 305.0, -349.0, -121.0, 403.0, 358.0, 62.0, -167.0, -396.0, 110.0, 405.0, -151.0, -497.0, 161.0, -185.0, 460.0, -153.0, 309.0, -52.0, 414.0, -406.0, 206.0, -209.0, -100.0, -237.0, -65.0, 109.0, -358.0, 169.0, 251.0, -184.0, 420.0, 61.0, 248.0, 306.0, -399.0, 411.0, -215.0, 96.0, 377.0, 78.0, 94.0, 418.0, -24.0, 290.0, -369.0, 244.0, -27.0, 392.0, 201.0, 19.0, -313.0, 411.0, 210.0, 414.0, -474.0, 496.0, -473.0, 332.0, -356.0, 364.0, 162.0, 115.0, 238.0, -421.0, -106.0, 94.0, 259.0, -463.0, 420.0, -25.0, 98.0, 330.0, -131.0, -436.0, -144.0, 309.0, -414.0, -35.0, -248.0, -226.0, -192.0, -216.0, -342.0, -336.0, 342.0, 77.0, -466.0, 64.0, 489.0, 321.0, 66.0, 184.0, -413.0, 292.0, -385.0, 308.0, -285.0, -262.0, 48.0, -436.0, -41.0, 465.0, 143.0, 94.0, -182.0, -119.0, -386.0, -271.0, -32.0, -222.0, 266.0, 129.0, 106.0, 92.0, -388.0, -223.0, 28.0, -500.0, 34.0, 192.0, 340.0, -396.0, -254.0, 17.0, -13.0, -230.0, -434.0, 16.0, -392.0, 106.0, -488.0, -395.0, -190.0, 76.0, -25.0, -348.0, 34.0, -395.0, 34.0, -234.0, 284.0, 186.0, 139.0, -121.0, -159.0, -120.0, -175.0, 36.0, -383.0, 479.0, -363.0, 491.0, -107.0, 178.0, 456.0, 403.0, 257.0, -463.0, -416.0, 221.0, 208.0, 330.0, -444.0, -242.0, 222.0, 78.0, -393.0, 156.0, -360.0, 321.0, 97.0, -282.0, -143.0, 284.0, -103.0, -118.0, 140.0, -290.0, 219.0, 40.0, -191.0, 269.0, -86.0, 430.0, -400.0, -10.0, -144.0, 105.0, -138.0, -328.0, 358.0, -102.0, 362.0, -395.0, 385.0, 229.0, 186.0, 405.0, -170.0, 387.0, 434.0, 194.0, -334.0, 49.0, 157.0, -255.0, -430.0, -25.0, 118.0, -368.0, 331.0, 278.0, 473.0, 490.0, 231.0, 302.0, 439.0, 50.0, 111.0, 302.0, -53.0, 225.0, -257.0, 225.0, 219.0, 426.0, -346.0, -46.0, -22.0, 334.0, 118.0, 320.0, -487.0, -441.0, -133.0, -89.0, 400.0, 253.0, 463.0, -361.0, -342.0, -82.0, 485.0, -78.0, 207.0, 265.0, 73.0, -134.0, 164.0, 65.0, -262.0, 295.0, -427.0, -124.0, -119.0, -480.0, 226.0, 404.0, -62.0, -447.0, -103.0, -31.0, 297.0, 108.0, 445.0, 91.0, -399.0, -157.0, 1.0, -188.0, 439.0, 212.0, 296.0, -326.0, -285.0, -93.0, 213.0, -183.0, -142.0, 54.0, 266.0, 320.0, 195.0, -136.0, 137.0, 55.0, -452.0, -167.0, -319.0, 25.0, 199.0, -469.0, 417.0, -464.0, 205.0, -109.0, 396.0, 466.0, -20.0, -283.0, -247.0, 66.0, 104.0, 46.0, 315.0, 127.0, -459.0, -464.0, -322.0, -258.0, -286.0, 14.0, 196.0, 369.0, 144.0, -484.0, 187.0, 402.0, 399.0, 214.0, 283.0, 160.0, -354.0, 202.0, -348.0, 392.0, 348.0, -202.0, -12.0, 107.0, -321.0, -58.0, -342.0, -469.0, -230.0, 202.0, 257.0, 141.0, 455.0, 276.0, 177.0, -467.0, 337.0, 158.0, -284.0, 19.0, -100.0, -435.0, -401.0, 303.0, -388.0, -359.0, 2.0, -4.0, -299.0, -465.0, -225.0, -152.0, 32.0, 298.0, -237.0, 77.0, -134.0, 91.0, 49.0, 175.0, 372.0, -252.0, 315.0, 401.0, -409.0, -319.0, -235.0, 498.0, -305.0, -144.0, 370.0, -3.0, -415.0, 400.0, 423.0, 83.0, 26.0, -34.0, -164.0, -263.0, -56.0, 459.0, -298.0, 330.0, -403.0, 132.0, 269.0, 149.0, 316.0, -110.0, 135.0, -428.0, 215.0, 110.0, -96.0, -467.0, -230.0, -403.0, 117.0, 187.0, -58.0, -490.0, -152.0, 494.0, -208.0, -21.0, -230.0, -420.0, -480.0, -354.0, 472.0, 446.0, -164.0, 197.0, 456.0, -85.0, -488.0, -192.0, 87.0, 53.0, 172.0, 66.0, 466.0, 133.0, 129.0, 322.0, -499.0, -14.0, 459.0, 280.0, 296.0, 473.0, -480.0, -27.0, 451.0, 55.0, -427.0, 270.0, -305.0, -173.0, 187.0, -32.0, 68.0, 77.0, -430.0, 194.0, -491.0, 130.0, -90.0, -173.0, 237.0, -317.0, 297.0, -37.0, -406.0, -408.0, 422.0, 431.0, 372.0, -57.0, 235.0, 22.0, -324.0, -20.0, -354.0, -482.0, 189.0, -335.0, 108.0, -162.0, 43.0, 181.0, 260.0, 364.0, -411.0, 153.0, 343.0, 430.0, 291.0, -144.0, 147.0, -48.0, -52.0, -192.0, -274.0, 383.0, -40.0, -274.0, 5.0, -326.0, 326.0, -81.0, -244.0, 61.0, -416.0, -427.0, -402.0, 253.0, 300.0, 488.0, -84.0, 280.0, 167.0, -158.0, -151.0, 79.0, -88.0, 354.0, -400.0, 331.0, 347.0, -45.0, -214.0, 409.0, -113.0, 414.0, -356.0, 436.0, -353.0, -36.0, -222.0, 239.0, 187.0, 291.0, 130.0, 4.0, -300.0, 5.0, 36.0, -164.0, -50.0, 74.0, 384.0, -213.0, -303.0, -409.0, -61.0, -329.0, -340.0, 230.0, -394.0, 20.0, 154.0, 426.0, 344.0, 331.0, -94.0, 439.0, -401.0, -38.0, 432.0, -169.0, 327.0, -94.0, -241.0, 403.0, 67.0, 158.0, -167.0, 176.0, 283.0, 385.0, 311.0, -105.0, 93.0, -15.0, 194.0, 428.0, -322.0, -416.0, -103.0, 23.0, -225.0, 91.0, 268.0, -98.0, -209.0, -186.0, -4.0, -88.0, -450.0, -224.0, -475.0, -130.0, -455.0, -151.0, 193.0, -127.0, -316.0, -264.0, -77.0, -475.0, -201.0, -309.0, 314.0, -318.0, -239.0, 68.0, -384.0, 231.0, -337.0, -97.0, 257.0, -321.0, -492.0, -409.0, 256.0, 34.0, 269.0, 168.0, -129.0, 73.0, 247.0, 36.0, -327.0, -365.0, -383.0, 313.0, -62.0, 421.0, 272.0, -109.0, 490.0, -484.0, -169.0, 65.0, -326.0, 72.0, 92.0, -288.0, -129.0, -220.0, -427.0, 272.0, 407.0, 50.0, 43.0, -45.0, 376.0, 451.0, 171.0, 488.0, -373.0, -232.0, 339.0, 147.0, -196.0, 220.0, -322.0, -53.0, -114.0, 54.0, 397.0, 191.0, 259.0, 491.0, -473.0, 65.0, 302.0, 30.0, 89.0, -106.0, -1.0, 368.0, 271.0, -272.0, -68.0, -497.0, 237.0, 226.0, 137.0, -47.0, -336.0, -416.0, 228.0, 295.0, 118.0, -255.0, 310.0, 191.0, -28.0, 194.0, 64.0, 17.0, 471.0, -498.0, 262.0, -183.0, -167.0, -367.0, 366.0, 250.0, -323.0, 494.0, -235.0, 94.0, 251.0, 51.0, 491.0, 288.0, 468.0, -416.0, 493.0, 266.0, 249.0, 306.0, -174.0, 480.0, 378.0, -106.0, 68.0, 71.0, -406.0, 169.0, 29.0, 260.0, -41.0, 293.0, 269.0, 132.0, -231.0, -335.0, 435.0, 293.0, 181.0, -150.0, -5.0, 79.0, -348.0, 54.0, 458.0, 284.0, 421.0, 402.0, -331.0, 473.0, 220.0, 461.0, -162.0, 312.0, 370.0, -286.0, 21.0, 225.0, 48.0, -133.0, 292.0, 280.0, -199.0, 352.0, 18.0, 168.0, -434.0, -410.0, -149.0, -71.0, -316.0, 451.0, -132.0, -117.0, 282.0, -415.0, 113.0, 21.0, -91.0, 355.0, 52.0, 185.0, 36.0, 171.0, 54.0, -255.0, 354.0, 447.0, 284.0, -67.0, 473.0, -487.0, -35.0, 42.0, 466.0, -279.0, -247.0, 312.0, -275.0, 218.0, 428.0, -339.0, 66.0, -402.0, 268.0, 154.0, 364.0, 339.0, -223.0, -497.0, 96.0, 55.0, 486.0, 208.0, -216.0, -219.0, -139.0, 269.0, -59.0, 226.0, -287.0, 327.0, -379.0, 27.0, 205.0, -385.0, -342.0, -148.0, 32.0, -414.0, -126.0, 335.0, 109.0, 51.0, 49.0, -75.0, 497.0, 296.0, 98.0, 460.0, 467.0, 49.0, 447.0, -384.0, -33.0, 120.0, -23.0, -184.0, -184.0, -176.0, 413.0, -304.0, 61.0, -310.0, 399.0, 85.0, -426.0, 200.0, 252.0, 335.0, -194.0, -262.0, 168.0, -465.0, 264.0, -160.0, 87.0, 452.0, -102.0, -354.0, 157.0, 477.0, 432.0, 461.0, 79.0, 121.0, 396.0, -394.0, -263.0, -44.0, 3.0, -484.0, -462.0, -409.0, 203.0, 90.0, 106.0, 406.0, 51.0, 292.0, 152.0, 248.0, -186.0, -228.0, -136.0, 20.0, 172.0, -448.0, 395.0, -16.0, 294.0, 492.0, 289.0, -254.0, -82.0, -384.0, -317.0, -36.0, -102.0, 94.0, -205.0, 395.0, 262.0, -237.0, -398.0, 291.0, -412.0, -393.0, -26.0, 19.0, 276.0, -86.0, -122.0, 348.0, -447.0, 441.0, -173.0, -249.0, 221.0, -169.0, -63.0, 133.0, -138.0, -256.0, -44.0, 14.0, -33.0, 72.0, 312.0, -161.0, 460.0, 231.0, -102.0, 345.0, 450.0, 96.0, -457.0, 410.0, 285.0, -230.0, -90.0, 270.0, -165.0, 428.0, -89.0, 439.0, -424.0, -134.0, -43.0, -163.0, -431.0, 247.0, 411.0, 250.0, 285.0, 55.0, -387.0, 93.0, -288.0, -205.0, 375.0, 307.0, -272.0, 341.0, -439.0, 107.0, -448.0, -283.0, -204.0, -391.0, 206.0, 430.0, 464.0, -493.0, -212.0, 164.0, 442.0, -408.0, -453.0, -185.0, 133.0, 475.0, -75.0, -143.0, -17.0, 486.0, -455.0, -280.0, 400.0, 362.0, -138.0, 95.0, 171.0, 24.0, 232.0, -259.0, 350.0, 21.0, -132.0, -289.0, 434.0, 149.0, 185.0, -96.0, 9.0, -394.0, -295.0, -317.0, 45.0, -175.0, 432.0, -427.0, 52.0, 18.0, 298.0, -104.0, -124.0, -453.0, 292.0, -78.0, 338.0, 227.0, -36.0, 181.0, -239.0, 249.0, -213.0, -311.0, -214.0, 56.0, 468.0, 445.0, -432.0, -62.0, 352.0, 90.0, -118.0, 319.0, 84.0, -97.0, 99.0, 470.0, -455.0, 207.0, -332.0, 273.0, 165.0, 385.0, -74.0, -233.0, -392.0, 97.0, -10.0, 200.0, -326.0, -181.0, 452.0, 272.0, 181.0, 464.0, -368.0, 309.0, 461.0, 110.0, -17.0, 140.0, -171.0, 201.0, 120.0, -201.0, -182.0, -492.0, 84.0, -398.0, 459.0, 409.0, 98.0, 192.0, 277.0, -133.0, -278.0, -321.0, 9.0, -473.0, 360.0, -457.0, -277.0, 448.0, 76.0, -381.0, -75.0, -171.0, -464.0, 74.0, 333.0, 103.0, -90.0, -30.0, -490.0, -375.0, -376.0, -1.0, -379.0, -41.0, -408.0, 5.0, 322.0, 177.0, -165.0, 205.0, -360.0, -298.0, 306.0, 74.0, -302.0, -404.0, 227.0, -60.0, -264.0, -291.0, -475.0, 87.0, 7.0, -90.0, -98.0, 86.0, -454.0, -292.0, -88.0, -23.0, -275.0, 433.0, 337.0, 304.0, -294.0, -4.0, -447.0, 455.0, -349.0, -103.0, -63.0, -322.0, 61.0, 95.0, -206.0, -433.0, 143.0, -39.0, 226.0, 234.0, 267.0, 145.0, -16.0, 307.0, 159.0, -346.0, -483.0, -279.0, -134.0, -39.0, 344.0, 428.0, -87.0, -85.0, -478.0, 169.0, -16.0, -345.0, -349.0, -290.0, 93.0, 317.0, 71.0, -428.0, -262.0, -65.0, -370.0, 201.0, -297.0, 155.0, -456.0, 335.0, -47.0, -447.0, -20.0, -210.0, 299.0, -73.0, 69.0, -136.0, -346.0, 295.0, 73.0, 321.0, -454.0, 41.0, 413.0, 462.0, 34.0, -301.0, -158.0, 294.0, 445.0, 271.0, 256.0, 318.0, -238.0, 339.0, 382.0, -224.0, -326.0, 142.0, 95.0, 110.0, 206.0, 311.0, 150.0, 415.0, 423.0, -176.0, 48.0, -279.0, -270.0, 80.0, -362.0, 313.0, 270.0, 307.0, -387.0, -17.0, 335.0, 434.0, 455.0, 208.0, 112.0, -485.0, -281.0, -426.0, -222.0, 452.0, 438.0, 310.0, -358.0, -351.0, -377.0, -212.0, -478.0, -257.0, 14.0, -148.0, 166.0, 69.0, -281.0, -442.0, 424.0, 289.0, 76.0, 400.0, 247.0, -325.0, 104.0, 93.0, -183.0, 333.0, -397.0, 355.0, 362.0, -199.0, 393.0, 317.0, -243.0, -91.0, 388.0, -137.0, 424.0, -360.0, 313.0, 163.0, 20.0, 129.0, -301.0, 150.0, -191.0, 141.0, 224.0, 219.0, -14.0, 293.0, -308.0, -423.0, 275.0, 234.0, -286.0, -471.0, -83.0, -488.0, 67.0, -369.0, -265.0, -481.0, 142.0, 116.0, -267.0, -488.0, -163.0, -411.0, -372.0, 389.0, -88.0, 498.0, 445.0, -203.0, -41.0, 239.0, -414.0, 431.0, -80.0, 261.0, -284.0, 97.0, -163.0, 96.0, 40.0, -311.0, -465.0, 92.0, -447.0, -128.0, 114.0, -343.0, -210.0, 331.0, 202.0, -481.0, -448.0, -451.0, 387.0, -343.0, 249.0, 135.0, -161.0, -324.0, -350.0, 370.0, 269.0, -180.0, 14.0, -319.0, -209.0, -143.0, 439.0, -133.0, -497.0, -166.0, -301.0, 121.0, 93.0, -494.0, -232.0, 32.0, -12.0, 421.0, -380.0, 55.0, -374.0, 155.0, 106.0, -308.0, 122.0, 210.0, -361.0, 394.0, -21.0, -376.0, 60.0, -158.0, -447.0, 51.0, -232.0, -298.0, 407.0, -67.0, 76.0, -315.0, 288.0, 285.0, -384.0, -24.0, 400.0, 477.0, -465.0, -384.0, -423.0, -303.0, 300.0, 23.0, 153.0, -312.0, -291.0, -444.0, -61.0, -18.0, -65.0, -426.0, -253.0, -108.0, 147.0, 203.0, 375.0, 271.0, 167.0, 300.0, 93.0, 195.0, 261.0, -497.0, 491.0, -434.0, 484.0, 203.0, 93.0, 77.0, 383.0, 28.0, 447.0, 317.0, 31.0, -1.0, -161.0, 93.0, 288.0, -186.0, 169.0, -458.0, 354.0, -439.0, 398.0, 49.0, -358.0, 171.0, 232.0, -1.0, 73.0, -139.0, 84.0, 30.0, -460.0, -174.0, 24.0, -289.0, -318.0, 161.0, -241.0, -484.0, 100.0, 344.0, -433.0, -188.0, -200.0, -302.0, -6.0, 47.0, 482.0, -17.0, 245.0, 339.0, 192.0, -471.0, 406.0, 332.0, -446.0, -161.0, 317.0, 392.0, 368.0, 174.0, 24.0, -473.0, 129.0, 229.0, -14.0, 332.0, -353.0, -432.0, -68.0, -498.0, 480.0, 182.0, 51.0, 76.0, 148.0, 487.0, -373.0, -407.0, -131.0, -17.0, -187.0, 336.0, 32.0, 61.0, -140.0, 72.0, -71.0, -451.0, 356.0, -175.0, 291.0, 38.0, 356.0, 1.0, 461.0, -404.0, 311.0, 129.0, 52.0, 214.0, -48.0, 431.0, -332.0, -229.0, 64.0, 123.0, 220.0, -210.0, -311.0, -14.0, -50.0, 451.0, -247.0, 95.0, -35.0, -207.0, -65.0, 48.0, -414.0, 151.0, -479.0, -280.0, -92.0, 256.0, 468.0, -264.0, 438.0, -237.0, 96.0, 223.0, 1.0, -376.0, 249.0, -224.0, 130.0, -261.0, -128.0, -298.0, 348.0, -186.0, 176.0, -420.0, 366.0, -282.0, -283.0, 8.0, -145.0, 203.0, 312.0, -465.0, 346.0, -492.0, -120.0, -327.0, 341.0, -168.0, -121.0, -441.0, 220.0, 205.0, -283.0, -187.0, 385.0, -64.0, -35.0, -282.0, -167.0, -415.0, -313.0, 209.0, -213.0, -21.0, 71.0, -219.0, -332.0, -120.0, 258.0, -202.0, 173.0, -242.0, 359.0, 297.0, -278.0, 59.0, 354.0, -78.0, -498.0, 227.0, -411.0, -75.0, 353.0, -460.0, -382.0, -184.0, 69.0, -248.0, -362.0, -422.0, 442.0, -420.0, -56.0, 8.0, -297.0, -238.0, -238.0, 403.0, -404.0, 154.0, -471.0, 263.0, 4.0, 218.0, -189.0, -484.0, -19.0, 492.0, -271.0, -305.0, -440.0, 83.0, -416.0, 300.0, 219.0, 320.0, 189.0, 239.0, 149.0, -247.0, -345.0, 274.0, 252.0, -481.0, -453.0, -249.0, 285.0, -5.0, 76.0, -252.0, 332.0, -84.0, -200.0, 4.0, -256.0, -286.0, -240.0, -446.0, -81.0, 314.0, -152.0, -454.0, -80.0, -446.0, -210.0, -251.0, 307.0, -470.0, 341.0, 350.0, -258.0, 132.0, 106.0, -396.0, 414.0, 356.0, 429.0, 333.0, -423.0, 341.0, 430.0, 166.0, 88.0, 312.0, 307.0, 467.0, 307.0, 485.0, -391.0, 129.0, -97.0, 443.0, 421.0, 276.0, 489.0, -34.0, 192.0, -153.0, -349.0, -65.0, 32.0, -103.0, 126.0, -101.0, -156.0, -34.0, 379.0, -285.0, -410.0, 318.0, -355.0, 200.0, 32.0, -134.0, 476.0, 373.0, 412.0, 141.0, -447.0, -4.0, 401.0, -2.0, -238.0, -214.0, 51.0, 394.0, -359.0, -197.0, 352.0, -419.0, 262.0, 489.0, 31.0, -282.0, -294.0, 423.0, 248.0, 236.0, 444.0, 369.0, 253.0, -183.0, 375.0, -398.0, 114.0, 115.0, -241.0, 399.0, -137.0, 232.0, -153.0, -222.0, 124.0, -181.0, -254.0, 451.0, -487.0, -236.0, -206.0, -267.0, -239.0, -264.0, 10.0, -458.0, 394.0, 346.0, 357.0, 66.0, 328.0, 341.0, -380.0, 429.0, 198.0, 415.0, 449.0, -499.0, 0.0, 251.0, -23.0, 295.0, 180.0, 27.0, 202.0, 15.0, -57.0, 311.0, 414.0, 435.0, -373.0, -116.0, -462.0, 413.0, 463.0, -118.0, 4.0, 373.0, 173.0, -382.0, 346.0, 398.0, 182.0, 74.0, -31.0, 475.0, 133.0, -245.0, -395.0, 319.0, -447.0, -293.0, 490.0, -260.0, -344.0, -421.0, -265.0, 484.0, -344.0, -242.0, 324.0, -69.0, 453.0, 435.0, -222.0, -410.0, 85.0, -261.0, 243.0, 61.0, -213.0, -82.0, 188.0, 148.0, -478.0, 193.0, -309.0, 151.0, -93.0, -154.0, 364.0, -263.0, -228.0, -291.0, -260.0, 394.0, 440.0, -200.0, 86.0, 300.0, -282.0, 497.0, 418.0, 451.0, -4.0, 75.0, 371.0, 72.0, 214.0, 449.0, -139.0, -412.0, -289.0, 245.0, -318.0, 263.0, 430.0, -400.0, -132.0, -68.0, 448.0, 468.0, -122.0, -439.0, -19.0, -308.0, -361.0, -76.0, -370.0, 197.0, 212.0, -106.0, 111.0, 320.0, 413.0, -432.0, 224.0, -166.0, -470.0, 57.0, -238.0, 162.0, 133.0, 209.0, -444.0, 315.0, -21.0, 153.0, -298.0, -488.0, -271.0, -400.0, -264.0, 316.0, -128.0, 452.0, -393.0, 28.0, -388.0, -230.0, 43.0, 92.0, 463.0, 225.0, -493.0, 318.0, 386.0, -499.0, -60.0, -456.0, 110.0, -325.0, -360.0, 14.0, 27.0, 371.0, -121.0, -117.0, 208.0, -235.0, 486.0, -70.0, 39.0, 174.0, 165.0, 347.0, 81.0, 188.0, 348.0, 108.0, 62.0, 136.0, -338.0, 420.0, 54.0, -240.0, -125.0, 292.0, -408.0, -63.0, -342.0, -197.0, -102.0, 298.0, 274.0, 46.0, -159.0, -411.0, 111.0, -439.0, -152.0, -16.0, 397.0, 342.0, -128.0, -34.0, 18.0, -31.0, 48.0, -95.0, 137.0, 410.0, -351.0, -92.0, 67.0, 294.0, 295.0, -416.0, 208.0, -65.0, -296.0, 24.0, -144.0, -443.0, 176.0, -54.0, -302.0, 335.0, 294.0, 307.0, -364.0, 145.0, 393.0, -494.0, -457.0, 441.0, -240.0, -85.0, 101.0, 180.0, 41.0, -372.0, 325.0, 303.0, -203.0, 153.0, 118.0, 327.0, -172.0, -120.0, 249.0, 349.0, 169.0, 405.0, -240.0, 413.0, 150.0, 476.0, -372.0, -132.0, -482.0, 233.0, 300.0, 401.0, 357.0, -134.0, 299.0, -486.0, 357.0, 42.0, 135.0, 88.0, 411.0, 281.0, 217.0, 276.0, 227.0, 18.0, -30.0, 367.0, 472.0, -300.0, -35.0, -136.0, 158.0, -462.0, 413.0, 371.0, -186.0, 377.0, 462.0, -13.0, 90.0, -315.0, -211.0, 267.0, 179.0, -185.0, -214.0, -463.0, 6.0, 401.0, -124.0, -325.0, -272.0, -116.0, 145.0, -412.0, 104.0, -30.0, -400.0, 5.0, 364.0, -397.0, 192.0, -424.0, -105.0, -246.0, 344.0, -313.0, 199.0, 381.0, 487.0, -135.0, -3.0, -147.0, -300.0, 444.0, -183.0, 185.0, 152.0, -24.0, -212.0, -465.0, 493.0, -334.0, 35.0, 400.0, 383.0, -179.0, -217.0, 309.0, 110.0, -217.0, -127.0, 470.0, -428.0, 209.0, 485.0, 441.0, 467.0, -43.0, 363.0, 143.0, 432.0, -182.0, -458.0, -457.0, -42.0, -14.0, 417.0, 67.0, 7.0, -367.0, 434.0, 237.0, 28.0, -169.0, 76.0, 417.0, -23.0, -212.0, -304.0, -497.0, -14.0, -367.0, 305.0, -295.0, 448.0, 334.0, 331.0, 93.0, 364.0, -155.0, 440.0, 164.0, -314.0, 366.0, 421.0, 45.0, 64.0, -402.0, -430.0, 40.0, 72.0, -154.0, -53.0, -266.0, 13.0, -336.0, -185.0, -476.0, 381.0, 181.0, 203.0, 204.0, -85.0, 172.0, 181.0, -87.0, 375.0, 407.0, 400.0, -498.0, -177.0, 181.0, 224.0, 44.0, 264.0, 210.0, -69.0, -332.0, -184.0, -390.0, 386.0, -28.0, -150.0, -180.0, -277.0, -66.0, -305.0, 302.0, -271.0, -104.0, 368.0, 232.0, 407.0, -31.0, -398.0, -66.0, 370.0, -245.0, 392.0, -464.0, -199.0, -486.0, -136.0, -405.0, -373.0, 471.0, -295.0, -203.0], 'hr': 72.0, 'text': 'test request'}
2025-04-14 14:08:52.641 | DEBUG    | aisleep.api.main:predict_sleep_stage:386 - 信号验证通过，hr_value=72.0
2025-04-14 14:08:52.654 | ERROR    | aisleep.api.main:predict_sleep_stage:412 - 处理失败: name 'hr' is not defined
2025-04-14 14:08:52.655 | INFO     | aisleep.api.main:combined_middleware:302 - POST /api/v1/predict - 500
2025-04-14 14:10:43.379 | INFO     | aisleep.api.main:lifespan:139 - System shutdown
2025-04-14 14:10:47.254 | INFO     | aisleep.api.main:<module>:195 - Prometheus metrics enabled
2025-04-14 14:10:47.260 | INFO     | aisleep.api.main:lifespan:107 - Starting system...
2025-04-14 14:10:47.261 | INFO     | aisleep.api.main:lifespan:110 - 正在初始化Redis缓存...
2025-04-14 14:10:47.261 | INFO     | aisleep.api.main:lifespan:112 - 正在加载模型...
2025-04-14 14:10:47.265 | WARNING  | aisleep.api.main:lifespan:121 - CUDA设备未找到，将使用CPU进行推理
2025-04-14 14:10:47.265 | INFO     | aisleep.api.main:lifespan:126 - Model loaded successfully
2025-04-14 14:10:47.267 | INFO     | aisleep.api.main:lifespan:130 - System initialized
2025-04-14 14:10:47.279 | DEBUG    | aisleep.api.main:predict_sleep_stage:364 - 开始处理请求，请求数据: {'audio': [140.0, -364.0, 375.0, -342.0, 61.0, -118.0, -110.0, 291.0, -78.0, -381.0, 215.0, -140.0, -159.0, -167.0, 286.0, -402.0, 269.0, -256.0, -2.0, 141.0, -133.0, 459.0, 347.0, -135.0, 280.0, 370.0, -84.0, 207.0, -54.0, 283.0, 218.0, 333.0, 288.0, -140.0, -402.0, 282.0, 307.0, 365.0, -182.0, 15.0, -210.0, 15.0, 250.0, -75.0, 390.0, 444.0, 17.0, -361.0, 221.0, 183.0, -132.0, 161.0, 89.0, 490.0, 32.0, -210.0, -153.0, -10.0, 475.0, -415.0, 312.0, -489.0, 482.0, -251.0, 166.0, 100.0, 40.0, -370.0, 70.0, -52.0, 453.0, -189.0, 486.0, -368.0, 379.0, -69.0, -195.0, 456.0, -64.0, -344.0, -428.0, 188.0, -34.0, 466.0, 391.0, 366.0, 152.0, 192.0, 439.0, 275.0, 237.0, -66.0, -403.0, 486.0, -354.0, -470.0, -168.0, -149.0, -440.0, 229.0, 170.0, 112.0, 247.0, 407.0, 47.0, 210.0, -159.0, -442.0, -425.0, 11.0, 157.0, 43.0, -238.0, -155.0, -245.0, -325.0, 390.0, -173.0, -372.0, 311.0, 175.0, -423.0, -131.0, -115.0, 396.0, 239.0, -98.0, -96.0, 212.0, 490.0, -149.0, -365.0, 295.0, -180.0, 260.0, -11.0, -475.0, -99.0, 207.0, 371.0, 439.0, -269.0, -232.0, -69.0, -240.0, -81.0, -289.0, -445.0, -118.0, -28.0, -32.0, -401.0, 215.0, 291.0, 310.0, -477.0, 25.0, -140.0, 98.0, -265.0, 347.0, 411.0, -498.0, 493.0, 253.0, 413.0, 218.0, -373.0, 307.0, -84.0, -276.0, -98.0, -338.0, 315.0, -455.0, -294.0, -119.0, 183.0, 329.0, 468.0, -151.0, 121.0, -439.0, -426.0, -400.0, -139.0, -200.0, 484.0, 347.0, 391.0, -30.0, 475.0, -280.0, 250.0, -238.0, 301.0, 309.0, 466.0, 373.0, -108.0, 226.0, -428.0, -126.0, 303.0, 86.0, 278.0, -266.0, 104.0, 167.0, 150.0, 1.0, -137.0, 28.0, 18.0, 136.0, -107.0, 88.0, -322.0, -392.0, 288.0, -316.0, -116.0, -417.0, 5.0, 365.0, -471.0, -484.0, -70.0, -362.0, 53.0, 75.0, 469.0, -37.0, -306.0, -358.0, -313.0, 95.0, 244.0, -427.0, -111.0, -432.0, -496.0, 387.0, 5.0, 151.0, 419.0, 474.0, 247.0, 85.0, 126.0, -416.0, -369.0, 100.0, -216.0, -446.0, 464.0, -493.0, -118.0, 317.0, -395.0, 350.0, -414.0, 228.0, -237.0, -136.0, -419.0, -212.0, -65.0, -469.0, 27.0, 82.0, -69.0, -405.0, 452.0, -391.0, 88.0, 81.0, 329.0, -344.0, 336.0, -341.0, 117.0, 23.0, 190.0, -497.0, 130.0, -355.0, -379.0, -418.0, -472.0, -57.0, 437.0, -150.0, -442.0, 1.0, -139.0, -65.0, -243.0, 334.0, 235.0, -340.0, -454.0, -88.0, -272.0, 476.0, -266.0, -493.0, 377.0, -426.0, -170.0, -450.0, 347.0, 481.0, 330.0, -250.0, -149.0, 220.0, -151.0, 28.0, -326.0, -477.0, 198.0, -61.0, 462.0, 438.0, -312.0, -423.0, -460.0, -500.0, 367.0, -188.0, 190.0, 474.0, 479.0, 13.0, 331.0, -56.0, 239.0, -436.0, 15.0, -462.0, -399.0, 348.0, -491.0, -395.0, -160.0, -184.0, -204.0, 405.0, -19.0, -405.0, -451.0, 324.0, -434.0, -33.0, -285.0, 448.0, -53.0, 62.0, -212.0, -333.0, -454.0, -136.0, 14.0, -193.0, 386.0, -113.0, -148.0, 315.0, 381.0, 215.0, 196.0, 478.0, 63.0, -138.0, -69.0, -420.0, 226.0, 125.0, -458.0, -94.0, -305.0, 432.0, 345.0, 47.0, -153.0, 60.0, 434.0, 91.0, -262.0, -396.0, 207.0, 431.0, -405.0, -384.0, 354.0, 424.0, 319.0, -55.0, -481.0, 405.0, -253.0, -34.0, 64.0, -490.0, -161.0, -265.0, -208.0, 2.0, -161.0, 8.0, -357.0, 101.0, -165.0, -431.0, 276.0, -214.0, -348.0, 345.0, 281.0, 480.0, 37.0, 212.0, -37.0, -23.0, 263.0, -454.0, -457.0, -118.0, -256.0, -208.0, -411.0, 334.0, -206.0, 391.0, -79.0, 203.0, -372.0, -486.0, 181.0, -44.0, -162.0, 419.0, 65.0, 211.0, 1.0, -149.0, -137.0, -276.0, -390.0, -373.0, -377.0, -255.0, 91.0, -463.0, 444.0, 134.0, -22.0, 109.0, 361.0, 157.0, 139.0, -313.0, -353.0, -137.0, -6.0, -117.0, 412.0, 169.0, 362.0, 189.0, -240.0, -144.0, 387.0, -140.0, 5.0, -329.0, -459.0, -140.0, -404.0, 267.0, -223.0, -118.0, -346.0, -288.0, -30.0, -343.0, -14.0, 351.0, -405.0, 419.0, -294.0, -28.0, 64.0, -49.0, 77.0, 40.0, 465.0, 63.0, 442.0, 415.0, 94.0, -476.0, 194.0, 442.0, -347.0, -388.0, 16.0, -451.0, -170.0, -434.0, 3.0, -378.0, -245.0, 262.0, 16.0, 157.0, -175.0, -180.0, 492.0, 3.0, 341.0, 271.0, 381.0, 451.0, 173.0, -456.0, 173.0, 114.0, 282.0, -232.0, -212.0, 340.0, 51.0, 364.0, -465.0, -82.0, -264.0, -270.0, -254.0, -227.0, 429.0, -175.0, 95.0, -342.0, -449.0, 415.0, -449.0, -472.0, 153.0, 174.0, -110.0, 131.0, 84.0, 498.0, -150.0, 488.0, -400.0, -382.0, -390.0, 79.0, 57.0, -251.0, -143.0, 486.0, -37.0, 449.0, 399.0, -41.0, 256.0, -39.0, -431.0, -310.0, -494.0, 43.0, -180.0, -284.0, 136.0, 360.0, 391.0, 453.0, -45.0, 308.0, 281.0, -19.0, 118.0, -409.0, 47.0, -367.0, 475.0, 313.0, -396.0, -355.0, 161.0, -128.0, -334.0, -287.0, 140.0, 7.0, 12.0, -374.0, 322.0, 42.0, 95.0, 477.0, 371.0, -149.0, -37.0, -279.0, -45.0, 402.0, 458.0, 88.0, -53.0, -359.0, 430.0, -169.0, -486.0, 29.0, -392.0, -148.0, -79.0, -9.0, 66.0, 121.0, 458.0, 365.0, -118.0, -134.0, -173.0, 417.0, -400.0, 351.0, 328.0, -461.0, 126.0, -423.0, 484.0, 288.0, 129.0, 7.0, -464.0, 294.0, 456.0, -15.0, -115.0, -264.0, -170.0, 322.0, 363.0, -226.0, -454.0, -22.0, -355.0, 495.0, 299.0, -79.0, 350.0, -100.0, 367.0, -237.0, -202.0, -265.0, 65.0, 393.0, 290.0, 114.0, -162.0, -88.0, -439.0, 77.0, -104.0, -69.0, 29.0, 199.0, 176.0, 36.0, -337.0, -367.0, 440.0, -163.0, 302.0, -214.0, -27.0, -126.0, -115.0, 170.0, -90.0, 364.0, 464.0, -420.0, -377.0, 75.0, -467.0, -402.0, 477.0, 286.0, 104.0, 20.0, 450.0, 144.0, 433.0, -110.0, 177.0, 84.0, 95.0, -115.0, 149.0, 37.0, -349.0, 205.0, -387.0, 202.0, 327.0, 301.0, 89.0, 276.0, -80.0, 312.0, 272.0, 191.0, -124.0, 498.0, -460.0, -40.0, -146.0, -328.0, 77.0, -2.0, 266.0, -157.0, -272.0, 266.0, -399.0, 233.0, 369.0, -308.0, 237.0, 278.0, 105.0, -467.0, -20.0, -101.0, 126.0, 114.0, -372.0, 434.0, 254.0, -71.0, 309.0, -119.0, -52.0, -318.0, -166.0, 76.0, -33.0, 438.0, 34.0, 490.0, 345.0, 375.0, -338.0, 14.0, -133.0, 93.0, 423.0, -458.0, 408.0, -137.0, 268.0, 458.0, -471.0, 379.0, 18.0, -153.0, 315.0, -430.0, 68.0, 457.0, -122.0, 381.0, 303.0, 55.0, 55.0, -462.0, -363.0, 126.0, -433.0, -92.0, 304.0, -330.0, -458.0, 317.0, 146.0, -462.0, 450.0, -11.0, 264.0, 327.0, 206.0, 246.0, -143.0, -1.0, 133.0, 223.0, -181.0, -128.0, 59.0, 407.0, 329.0, 48.0, 172.0, 99.0, -221.0, -326.0, -376.0, 337.0, -249.0, -237.0, -316.0, 73.0, -36.0, -124.0, -39.0, 108.0, -121.0, -175.0, 127.0, -259.0, -303.0, -492.0, -33.0, 458.0, 88.0, 233.0, 7.0, -121.0, 54.0, -296.0, 447.0, -319.0, 33.0, -278.0, -150.0, -405.0, 317.0, -353.0, -386.0, 318.0, -345.0, 46.0, -155.0, -277.0, 302.0, 311.0, 128.0, 30.0, -330.0, -236.0, 138.0, 55.0, 179.0, 99.0, -497.0, 349.0, 297.0, 182.0, -4.0, 458.0, -1.0, -274.0, 261.0, 62.0, -396.0, 209.0, 407.0, -349.0, 187.0, -153.0, -215.0, 185.0, 92.0, 74.0, 351.0, 304.0, -434.0, -265.0, 193.0, -240.0, 151.0, -47.0, 6.0, 391.0, 35.0, 392.0, 382.0, -311.0, 361.0, 227.0, 379.0, 320.0, -457.0, 313.0, -129.0, -157.0, 16.0, -444.0, 416.0, 34.0, -495.0, 196.0, 162.0, -331.0, -446.0, 401.0, -392.0, 166.0, 78.0, 189.0, 86.0, 354.0, 193.0, 205.0, -233.0, 324.0, 154.0, -7.0, -127.0, -83.0, -336.0, 105.0, -152.0, 142.0, 24.0, 376.0, 277.0, -302.0, 281.0, 401.0, 482.0, -482.0, 344.0, -157.0, 355.0, 341.0, 97.0, 144.0, 306.0, 419.0, -437.0, 422.0, -463.0, 264.0, -269.0, 207.0, -224.0, -148.0, -67.0, -335.0, -246.0, 278.0, -123.0, 429.0, -202.0, 437.0, -92.0, 247.0, 155.0, 342.0, 371.0, 187.0, 351.0, 236.0, -331.0, 227.0, -155.0, 36.0, 85.0, 166.0, 336.0, -263.0, 416.0, 118.0, -229.0, -114.0, 265.0, -139.0, -313.0, 322.0, -279.0, 25.0, 231.0, 211.0, -20.0, 493.0, -292.0, -95.0, -256.0, -400.0, -140.0, -220.0, 341.0, 187.0, 150.0, -226.0, 280.0, -408.0, 22.0, -105.0, 134.0, -157.0, -17.0, 241.0, 245.0, 358.0, -314.0, 376.0, -146.0, 446.0, 206.0, -288.0, -36.0, 24.0, -209.0, -2.0, 204.0, 414.0, 273.0, -365.0, -440.0, 435.0, 405.0, -364.0, 37.0, -421.0, 461.0, -26.0, 248.0, 59.0, -455.0, -465.0, 396.0, 471.0, 456.0, -81.0, -429.0, -465.0, 388.0, -457.0, -262.0, -374.0, 234.0, 29.0, -18.0, -316.0, 308.0, 139.0, -239.0, -62.0, 472.0, 439.0, 238.0, 344.0, -182.0, 28.0, 120.0, 457.0, 463.0, -234.0, 107.0, 319.0, -350.0, 42.0, -374.0, -262.0, 40.0, 215.0, 385.0, 381.0, -8.0, 118.0, -374.0, -194.0, -297.0, 197.0, -388.0, -468.0, -9.0, 359.0, -100.0, 93.0, 498.0, -264.0, 273.0, 278.0, 453.0, 114.0, 460.0, -387.0, -8.0, 46.0, 448.0, -81.0, 10.0, -78.0, 438.0, -269.0, 338.0, 96.0, -412.0, -59.0, 21.0, -280.0, -392.0, 223.0, -130.0, 374.0, 451.0, 254.0, -419.0, -446.0, -318.0, 18.0, -335.0, -104.0, -336.0, -43.0, 459.0, 211.0, -19.0, 495.0, -359.0, 226.0, -161.0, -411.0, 44.0, -487.0, -253.0, -90.0, -62.0, -223.0, -37.0, 113.0, -248.0, 309.0, 488.0, 285.0, -343.0, 474.0, -139.0, 287.0, -288.0, -428.0, 320.0, 199.0, -227.0, 112.0, 62.0, 27.0, 91.0, 65.0, 48.0, -322.0, -164.0, -191.0, 45.0, -181.0, 475.0, 222.0, 277.0, -243.0, -271.0, 50.0, 446.0, -196.0, -448.0, 305.0, -208.0, -92.0, -52.0, -442.0, 46.0, -133.0, -475.0, -194.0, 256.0, 307.0, -249.0, -135.0, -370.0, -393.0, 176.0, 18.0, 490.0, -10.0, -173.0, 297.0, 224.0, 202.0, -492.0, 85.0, -354.0, -130.0, 413.0, -101.0, -9.0, 491.0, -165.0, 293.0, -216.0, 423.0, -460.0, 297.0, 227.0, -306.0, -282.0, 121.0, -188.0, 80.0, 372.0, 0.0, 410.0, 270.0, -298.0, 404.0, -85.0, -489.0, -230.0, 90.0, -60.0, 243.0, -77.0, 301.0, 39.0, 168.0, -416.0, 219.0, -274.0, 463.0, -468.0, 159.0, 396.0, 462.0, -174.0, -111.0, -115.0, 114.0, -474.0, 484.0, 291.0, -209.0, -352.0, 339.0, 473.0, 191.0, 218.0, -199.0, -114.0, 367.0, 369.0, 328.0, -343.0, -159.0, 101.0, -462.0, -294.0, 153.0, 218.0, 473.0, 387.0, 306.0, 18.0, -263.0, 254.0, 51.0, -81.0, 116.0, 359.0, 348.0, -11.0, -449.0, -244.0, -423.0, 33.0, 103.0, 269.0, -326.0, 342.0, 27.0, -87.0, 178.0, -67.0, -248.0, -473.0, -485.0, 123.0, -453.0, 321.0, -250.0, -363.0, -163.0, -108.0, -194.0, -218.0, -17.0, -292.0, -280.0, -315.0, 425.0, 463.0, -158.0, 136.0, 38.0, 248.0, -186.0, 103.0, -417.0, 64.0, -265.0, 497.0, 113.0, -336.0, -138.0, -290.0, 423.0, -266.0, 365.0, 366.0, 59.0, -464.0, -225.0, 6.0, 468.0, -305.0, -458.0, -331.0, -95.0, 140.0, 13.0, -195.0, -98.0, 424.0, -14.0, 429.0, -443.0, -486.0, -409.0, -425.0, 176.0, -385.0, 489.0, -246.0, -295.0, -282.0, -479.0, -452.0, -469.0, -157.0, -286.0, -494.0, -230.0, -80.0, 36.0, -483.0, -288.0, 176.0, 47.0, 161.0, -9.0, 251.0, 74.0, 262.0, 414.0, -191.0, 370.0, -427.0, 186.0, 128.0, -153.0, 476.0, -299.0, 207.0, -445.0, 353.0, -454.0, -492.0, -381.0, -202.0, -383.0, 385.0, -406.0, 360.0, 163.0, -401.0, 370.0, 56.0, 232.0, 118.0, -322.0, 313.0, -44.0, 176.0, 228.0, 353.0, 489.0, 114.0, 195.0, -208.0, 158.0, -18.0, 121.0, 394.0, 357.0, 102.0, -306.0, -240.0, 498.0, -424.0, 229.0, -43.0, -433.0, 68.0, 481.0, -327.0, 476.0, -399.0, 219.0, 127.0, 3.0, -492.0, 320.0, -362.0, 34.0, 250.0, 122.0, 104.0, 212.0, -122.0, -382.0, 41.0, 271.0, -211.0, 412.0, 137.0, 126.0, 90.0, -41.0, -82.0, 206.0, 46.0, 398.0, 344.0, 328.0, 23.0, 459.0, 372.0, -112.0, 408.0, 220.0, 93.0, -302.0, 329.0, 205.0, 467.0, -359.0, -489.0, 449.0, -216.0, -46.0, 10.0, -210.0, 221.0, 404.0, 245.0, 347.0, 49.0, 282.0, 445.0, -33.0, -125.0, -29.0, 205.0, -94.0, 250.0, 183.0, 289.0, 37.0, -87.0, -267.0, -409.0, 133.0, 287.0, -166.0, 169.0, 15.0, 428.0, -342.0, -166.0, -182.0, 219.0, 177.0, 89.0, -30.0, 167.0, 403.0, 302.0, 409.0, 40.0, -496.0, 216.0, 34.0, -7.0, -254.0, -4.0, -60.0, 129.0, -102.0, 203.0, -51.0, 384.0, -112.0, 292.0, -17.0, -21.0, -174.0, 196.0, 257.0, -354.0, -201.0, -71.0, 113.0, -124.0, 308.0, -490.0, -403.0, 140.0, -441.0, 365.0, -432.0, -141.0, 47.0, -319.0, -34.0, 356.0, 478.0, -215.0, -415.0, 144.0, -296.0, 101.0, 418.0, -157.0, -222.0, 285.0, -46.0, 404.0, 353.0, -188.0, 84.0, -295.0, -321.0, -281.0, 147.0, 235.0, 270.0, -468.0, 316.0, -249.0, 377.0, -162.0, -141.0, -323.0, 285.0, -470.0, -477.0, -410.0, 243.0, 264.0, 99.0, -177.0, -105.0, -350.0, -123.0, -441.0, -261.0, -258.0, 175.0, -389.0, 45.0, -275.0, 223.0, 461.0, 237.0, -140.0, 455.0, 413.0, 410.0, -388.0, -49.0, -424.0, 220.0, -220.0, 460.0, 100.0, 307.0, -427.0, 307.0, 422.0, -91.0, 268.0, -244.0, 335.0, 179.0, -458.0, -309.0, -252.0, 409.0, -470.0, 215.0, -193.0, -270.0, -210.0, -19.0, -287.0, -375.0, -370.0, 42.0, -114.0, -126.0, 296.0, -410.0, 170.0, -71.0, 105.0, 150.0, -260.0, 391.0, -334.0, -458.0, -252.0, -439.0, -284.0, -460.0, -39.0, 81.0, 200.0, 317.0, -464.0, -146.0, 431.0, -3.0, 477.0, -261.0, -79.0, -401.0, -252.0, -205.0, -341.0, 102.0, -3.0, 112.0, -112.0, -312.0, -68.0, -432.0, -68.0, 7.0, -429.0, 216.0, 319.0, -289.0, -196.0, -42.0, 18.0, -407.0, 243.0, -17.0, -117.0, 363.0, 282.0, 110.0, -234.0, -128.0, 187.0, -188.0, -452.0, 44.0, -421.0, 443.0, -387.0, 48.0, 341.0, 121.0, 386.0, 481.0, -193.0, 392.0, -271.0, 345.0, -423.0, 282.0, 411.0, -126.0, 481.0, 414.0, -31.0, -213.0, -167.0, 216.0, 72.0, 334.0, 119.0, 424.0, -209.0, -45.0, 93.0, -351.0, 76.0, 462.0, 33.0, -294.0, 266.0, -319.0, -19.0, -9.0, -327.0, 120.0, 310.0, -281.0, 150.0, -441.0, -170.0, -156.0, 4.0, 137.0, -146.0, 354.0, 399.0, 98.0, -493.0, -410.0, -90.0, -444.0, -337.0, 175.0, 147.0, -110.0, 230.0, -402.0, -111.0, -32.0, 80.0, 244.0, -260.0, -434.0, 153.0, -486.0, 382.0, 368.0, 51.0, 145.0, 62.0, 161.0, -306.0, 30.0, 165.0, 106.0, -474.0, 212.0, -50.0, -69.0, 237.0, -500.0, 402.0, -378.0, -428.0, -345.0, 298.0, 45.0, 26.0, 130.0, -155.0, 40.0, 281.0, -85.0, -269.0, 76.0, 484.0, 317.0, -184.0, 250.0, -186.0, -63.0, 171.0, -493.0, -148.0, -104.0, 460.0, -140.0, 450.0, -224.0, 56.0, 80.0, -281.0, -428.0, 119.0, 438.0, 285.0, -434.0, 417.0, 319.0, -48.0, 323.0, -328.0, -355.0, 209.0, -160.0, -272.0, -215.0, -304.0, -393.0, -28.0, 461.0, 451.0, 264.0, -376.0, 292.0, 132.0, -164.0, -239.0, -6.0, -83.0, -338.0, 417.0, -16.0, 140.0, -229.0, -431.0, 483.0, -478.0, -61.0, -164.0, 386.0, -122.0, -212.0, 331.0, 394.0, -360.0, -69.0, 112.0, -467.0, 371.0, -48.0, -116.0, 167.0, 187.0, 4.0, 234.0, 150.0, -17.0, 269.0, 469.0, 290.0, -381.0, 492.0, 112.0, 115.0, -477.0, -341.0, 155.0, 151.0, -44.0, 255.0, 260.0, -286.0, -139.0, -231.0, 481.0, -106.0, -227.0, -22.0, 163.0, 475.0, -180.0, -264.0, -484.0, -77.0, 26.0, 470.0, 339.0, -489.0, 233.0, -39.0, 462.0, -321.0, 498.0, -455.0, 268.0, -254.0, -209.0, -312.0, 286.0, -286.0, -474.0, -55.0, 224.0, -362.0, 278.0, 185.0, 119.0, 434.0, -34.0, 59.0, 85.0, -332.0, 209.0, 64.0, 101.0, -385.0, 303.0, 237.0, 40.0, 260.0, -381.0, -360.0, 463.0, 47.0, -208.0, 235.0, 66.0, 311.0, -124.0, 397.0, 311.0, 356.0, -318.0, 410.0, -296.0, 57.0, -93.0, -204.0, -20.0, -236.0, -330.0, 140.0, 183.0, 50.0, 419.0, 192.0, -86.0, 322.0, -448.0, -245.0, -95.0, 499.0, -13.0, -407.0, 158.0, 126.0, -332.0, -50.0, 482.0, -388.0, 147.0, -497.0, 37.0, -339.0, -260.0, 326.0, 485.0, -316.0, -82.0, -204.0, 39.0, 136.0, -154.0, -138.0, -66.0, 370.0, 209.0, 283.0, -35.0, 244.0, -174.0, -27.0, 179.0, -178.0, -243.0, -407.0, 187.0, 19.0, 302.0, 130.0, 125.0, -260.0, 435.0, 179.0, 76.0, -294.0, -173.0, 144.0, -99.0, 20.0, -166.0, -460.0, 330.0, 164.0, -121.0, 493.0, -117.0, -186.0, 99.0, 334.0, -23.0, -299.0, -486.0, -333.0, -269.0, -24.0, -25.0, 246.0, 192.0, 120.0, 134.0, -239.0, 142.0, 117.0, -304.0, -403.0, 90.0, 96.0, -346.0, 44.0, 42.0, -474.0, 64.0, -333.0, -23.0, -63.0, -416.0, -478.0, 280.0, 6.0, 57.0, 362.0, 462.0, -407.0, -233.0, -312.0, 178.0, -187.0, -473.0, -91.0, 342.0, 15.0, -454.0, 254.0, -380.0, 272.0, 487.0, 318.0, 313.0, -273.0, 468.0, 459.0, 156.0, 331.0, 336.0, -64.0, 227.0, 278.0, 457.0, 168.0, 185.0, -18.0, 85.0, -14.0, -120.0, 365.0, -424.0, -327.0, -387.0, -354.0, -132.0, 68.0, -22.0, 200.0, -498.0, -431.0, 395.0, -247.0, 388.0, 472.0, 448.0, 65.0, -453.0, -342.0, -491.0, -5.0, 5.0, -136.0, 288.0, -177.0, 488.0, 155.0, 274.0, -428.0, -303.0, -235.0, -16.0, 19.0, 338.0, -88.0, -462.0, -183.0, 216.0, -368.0, -366.0, 107.0, 191.0, 48.0, 144.0, -30.0, 16.0, 61.0, 215.0, 353.0, -228.0, -306.0, 390.0, 395.0, -234.0, -313.0, -190.0, 117.0, 218.0, -467.0, -469.0, 267.0, 447.0, 488.0, -23.0, 304.0, 470.0, -302.0, 129.0, -94.0, 240.0, -306.0, 266.0, 66.0, 237.0, -304.0, -29.0, 322.0, -404.0, -399.0, 363.0, 335.0, 235.0, 381.0, -234.0, -249.0, -160.0, 208.0, 461.0, 495.0, 377.0, -294.0, 181.0, -325.0, 156.0, 5.0, -337.0, 63.0, -175.0, -138.0, 162.0, -152.0, 349.0, 150.0, -437.0, 371.0, 60.0, 361.0, 73.0, 161.0, -276.0, -396.0, -207.0, 303.0, -190.0, 314.0, -64.0, 154.0, 455.0, 471.0, 89.0, -115.0, -289.0, 415.0, -430.0, 424.0, 205.0, 251.0, 56.0, 205.0, 2.0, -318.0, 445.0, -135.0, -184.0, 20.0, -97.0, 343.0, -77.0, -53.0, -372.0, 47.0, 353.0, -445.0, -486.0, 59.0, -17.0, 56.0, -368.0, 427.0, -85.0, 122.0, 14.0, -372.0, -188.0, -418.0, -499.0, -439.0, -438.0, -251.0, 89.0, 252.0, -208.0, -309.0, 474.0, -241.0, -375.0, -155.0, -430.0, -345.0, 313.0, 316.0, 184.0, 1.0, 27.0, 237.0, 21.0, 369.0, -67.0, 287.0, 454.0, 153.0, -82.0, 62.0, -54.0, -322.0, 308.0, -97.0, -107.0, 495.0, 413.0, -184.0, -223.0, -53.0, 467.0, -134.0, -292.0, 226.0, 313.0, 286.0, -432.0, 90.0, 203.0, -64.0, -150.0, 176.0, 220.0, 344.0, -327.0, 136.0, -497.0, -421.0, -361.0, -298.0, 32.0, 31.0, 196.0, 345.0, -332.0, -55.0, -385.0, 238.0, 209.0, 471.0, 399.0, 79.0, 417.0, 253.0, 4.0, 279.0, -135.0, 217.0, -257.0, 493.0, 120.0, -212.0, -373.0, -44.0, 89.0, -272.0, -229.0, 345.0, -115.0, 170.0, -472.0, 213.0, -365.0, 310.0, -342.0, 65.0, -428.0, 250.0, -204.0, 149.0, 77.0, 447.0, -68.0, 103.0, 390.0, -463.0, 372.0, 415.0, -99.0, -413.0, 418.0, -280.0, 323.0, -377.0, -484.0, -109.0, 317.0, 179.0, 78.0, 32.0, 340.0, -433.0, 303.0, 409.0, 257.0, -72.0, 221.0, -227.0, 201.0, 45.0, 300.0, 29.0, 401.0, 134.0, -176.0, -308.0, -289.0, -57.0, -197.0, 100.0, -164.0, 330.0, -285.0, -130.0, 63.0, -461.0, -338.0, -390.0, 56.0, 15.0, -96.0, -483.0, -284.0, -233.0, -106.0, -317.0, 499.0, -33.0, 151.0, -39.0, 489.0, -255.0, 103.0, -88.0, 212.0, -328.0, -371.0, 262.0, 31.0, -451.0, 429.0, -176.0, -210.0, -344.0, 386.0, 242.0, 281.0, -443.0, -482.0, -153.0, 58.0, 146.0, -259.0, -34.0, -189.0, 275.0, -83.0, -457.0, 441.0, -137.0, 158.0, -452.0, -46.0, -420.0, 494.0, 415.0, 197.0, -324.0, -67.0, -168.0, -39.0, 290.0, 366.0, -176.0, -153.0, 53.0, 482.0, -49.0, -460.0, 208.0, -473.0, -499.0, 84.0, -400.0, 190.0, 4.0, 130.0, -347.0, 206.0, -327.0, 497.0, -329.0, 7.0, -166.0, -76.0, -170.0, -65.0, 323.0, -169.0, 279.0, 276.0, 306.0, 73.0, 421.0, -408.0, -384.0, -287.0, 230.0, -217.0, 144.0, -462.0, 150.0, -356.0, 410.0, -304.0, 492.0, -276.0, -366.0, -22.0, -49.0, -172.0, -461.0, 355.0, -124.0, 263.0, -4.0, 90.0, 249.0, -18.0, -470.0, 122.0, 450.0, 428.0, 145.0, -430.0, 487.0, 231.0, -258.0, 296.0, -242.0, 188.0, 330.0, -427.0, 480.0, 162.0, 48.0, -97.0, 26.0, -75.0, 62.0, 105.0, 283.0, 223.0, 443.0, -310.0, -439.0, -312.0, -64.0, -360.0, 433.0, -247.0, 262.0, 8.0, 104.0, -156.0, -127.0, 214.0, -456.0, 40.0, 365.0, -164.0, 41.0, -95.0, -422.0, 15.0, -268.0, 363.0, -305.0, 4.0, 419.0, 357.0, 160.0, -372.0, 15.0, -315.0, 158.0, 376.0, 164.0, -86.0, 450.0, 64.0, -257.0, -123.0, -233.0, -342.0, 446.0, -412.0, -8.0, -40.0, 367.0, -393.0, 187.0, -72.0, 417.0, 254.0, 220.0, -145.0, -144.0, -461.0, 434.0, 80.0, -417.0, 492.0, 296.0, -17.0, 179.0, -173.0, -402.0, -109.0, -378.0, 462.0, 181.0, 171.0, -184.0, -180.0, 221.0, -246.0, 454.0, 386.0, -397.0, 301.0, 131.0, 480.0, 234.0, -367.0, 448.0, -459.0, -152.0, 79.0, -449.0, -126.0, 69.0, -193.0, 90.0, -428.0, 298.0, 420.0, 98.0, 36.0, 438.0, 243.0, 149.0, 338.0, 23.0, 171.0, 469.0, -413.0, 215.0, 226.0, -124.0, 347.0, -102.0, -22.0, 487.0, -201.0, 451.0, 82.0, -167.0, 145.0, 470.0, 283.0, 371.0, 369.0, 42.0, -264.0, 171.0, -188.0, -152.0, -475.0, -279.0, 396.0, 131.0, 357.0, -348.0, 57.0, -465.0, -46.0, -121.0, -489.0, -231.0, -243.0, -320.0, -44.0, 432.0, 183.0, -303.0, -19.0, -372.0, 347.0, 234.0, -235.0, 24.0, 372.0, 457.0, -346.0, 355.0, -5.0, -387.0, -473.0, 55.0, -266.0, 40.0, -123.0, -248.0, 164.0, -231.0, -177.0, -57.0, 57.0, -297.0, -44.0, -88.0, -114.0, -397.0, 357.0, 114.0, 98.0, 26.0, -366.0, -147.0, -138.0, 1.0, 412.0, 144.0, 183.0, -228.0, -486.0, -49.0, 483.0, 253.0, -467.0, -241.0, 15.0, 25.0, 186.0, 52.0, -130.0, -318.0, 258.0, 60.0, 393.0, 198.0, 427.0, 422.0, -269.0, 236.0, 452.0, -257.0, -228.0, -17.0, 370.0, 483.0, 24.0, -440.0, 287.0, 312.0, 61.0, -88.0, -34.0, -327.0, -139.0, 440.0, 188.0, 417.0, -494.0, 317.0, 136.0, -257.0, -168.0, -327.0, -152.0, -410.0, 121.0, 122.0, -34.0, 171.0, 299.0, 423.0, 12.0, -476.0, 403.0, 15.0, -431.0, -318.0, -219.0, -434.0, 109.0, -284.0, -486.0, -313.0, 38.0, -234.0, -85.0, -158.0, 403.0, 64.0, -251.0, -220.0, -417.0, -108.0, 407.0, -74.0, -39.0, 448.0, 470.0, 156.0, 230.0, 371.0, 75.0, -286.0, -56.0, -366.0, -330.0, 56.0, -137.0, -323.0, 269.0, -295.0, 388.0, 139.0, 365.0, 351.0, -419.0, 263.0, -132.0, 283.0, 204.0, 393.0, 102.0, -499.0, 31.0, -116.0, -233.0, 348.0, -382.0, 164.0, 445.0, -302.0, -460.0, 182.0, 306.0, -261.0, 432.0, 265.0, -369.0, 109.0, 367.0, 57.0, 410.0, 89.0, -310.0, 108.0, 351.0, -152.0, 351.0, -484.0, -104.0, 310.0, -119.0, 181.0, 140.0, 375.0, 76.0, -435.0, -150.0, -61.0, 187.0, 415.0, -151.0, 96.0, -200.0, 108.0, 447.0, -29.0, -233.0, -468.0, 329.0, -426.0, 332.0, -311.0, -471.0, -41.0, -22.0, -477.0, -81.0, -128.0, 50.0, -274.0, -35.0, -3.0, 57.0, 291.0, 183.0, -4.0, -444.0, 208.0, 150.0, 123.0, -423.0, 381.0, 183.0, -219.0, 106.0, 260.0, -283.0, 61.0, 360.0, 323.0, -236.0, 207.0, -249.0, 300.0, 452.0, 286.0, -174.0, -427.0, -472.0, 211.0, -500.0, -232.0, -15.0, 197.0, 180.0, -37.0, -292.0, 78.0, 83.0, -182.0, -467.0, -423.0, -370.0, 438.0, -95.0, 235.0, 112.0, 309.0, 201.0, -213.0, -112.0, -227.0, 90.0, 109.0, -47.0, -159.0, 327.0, 406.0, -356.0, -217.0, 304.0, -403.0, 227.0, -232.0, -82.0, -129.0, 456.0, 194.0, 410.0, 162.0, -485.0, 486.0, -157.0, 99.0, 244.0, -90.0, -204.0, -112.0, -410.0, -275.0, -69.0, 408.0, -79.0, -138.0, -310.0, 228.0, 144.0, 256.0, -417.0, 368.0, -228.0, 186.0, -468.0, 412.0, 300.0, -492.0, 91.0, 332.0, -14.0, 164.0, -129.0, -15.0, -18.0, 401.0, 34.0, 380.0, 188.0, -339.0, -150.0, -421.0, 265.0, 303.0, -221.0, 484.0, 315.0, -129.0, 179.0, 429.0, -249.0, 486.0, 149.0, -481.0, 306.0, -373.0, -153.0, -165.0, 398.0, -435.0, 238.0, 400.0, -120.0, -16.0, -337.0, -100.0, 492.0, -339.0, 13.0, 114.0, 186.0, -351.0, -421.0], 'hr': 72.0, 'text': 'test request'}
2025-04-14 14:10:47.281 | DEBUG    | aisleep.api.main:predict_sleep_stage:377 - 信号验证通过，hr_value=72.0
2025-04-14 14:10:47.298 | ERROR    | aisleep.api.main:predict_sleep_stage:403 - 处理失败: name 'hr' is not defined
2025-04-14 14:10:47.299 | INFO     | aisleep.api.main:combined_middleware:302 - POST /api/v1/predict - 500
2025-04-14 14:12:43.491 | INFO     | aisleep.api.main:lifespan:139 - System shutdown
2025-04-14 14:12:47.563 | INFO     | aisleep.api.main:<module>:195 - Prometheus metrics enabled
2025-04-14 14:12:47.570 | INFO     | aisleep.api.main:lifespan:107 - Starting system...
2025-04-14 14:12:47.570 | INFO     | aisleep.api.main:lifespan:110 - 正在初始化Redis缓存...
2025-04-14 14:12:47.571 | INFO     | aisleep.api.main:lifespan:112 - 正在加载模型...
2025-04-14 14:12:47.575 | WARNING  | aisleep.api.main:lifespan:121 - CUDA设备未找到，将使用CPU进行推理
2025-04-14 14:12:47.575 | INFO     | aisleep.api.main:lifespan:126 - Model loaded successfully
2025-04-14 14:12:47.577 | INFO     | aisleep.api.main:lifespan:130 - System initialized
2025-04-14 14:12:58.495 | INFO     | aisleep.api.main:lifespan:139 - System shutdown
2025-04-14 14:13:02.333 | INFO     | aisleep.api.main:<module>:195 - Prometheus metrics enabled
2025-04-14 14:13:02.340 | INFO     | aisleep.api.main:lifespan:107 - Starting system...
2025-04-14 14:13:02.341 | INFO     | aisleep.api.main:lifespan:110 - 正在初始化Redis缓存...
2025-04-14 14:13:02.341 | INFO     | aisleep.api.main:lifespan:112 - 正在加载模型...
2025-04-14 14:13:02.345 | WARNING  | aisleep.api.main:lifespan:121 - CUDA设备未找到，将使用CPU进行推理
2025-04-14 14:13:02.346 | INFO     | aisleep.api.main:lifespan:126 - Model loaded successfully
2025-04-14 14:13:02.347 | INFO     | aisleep.api.main:lifespan:130 - System initialized
2025-04-14 14:13:02.359 | DEBUG    | aisleep.api.main:predict_sleep_stage:370 - 开始处理请求，请求数据: {'audio': [-57.0, 401.0, -317.0, -107.0, -91.0, -251.0, 356.0, 428.0, 205.0, -386.0, -1.0, -66.0, -146.0, -444.0, -205.0, -146.0, 199.0, -445.0, 424.0, 491.0, 302.0, 292.0, -491.0, -175.0, 387.0, 63.0, 147.0, 448.0, 16.0, -5.0, 251.0, -425.0, -257.0, 129.0, 426.0, -298.0, 120.0, -3.0, 319.0, -116.0, 356.0, -111.0, 415.0, 410.0, 233.0, 269.0, -458.0, -168.0, -303.0, 448.0, -1.0, 299.0, 266.0, -498.0, -93.0, 304.0, 395.0, -421.0, 64.0, 20.0, 2.0, -236.0, -94.0, 149.0, 75.0, 210.0, -389.0, -354.0, 296.0, 208.0, 111.0, 413.0, -110.0, -129.0, 51.0, -463.0, 329.0, 297.0, 421.0, 164.0, 193.0, -70.0, 150.0, -192.0, 165.0, -239.0, -65.0, 98.0, 448.0, -445.0, 100.0, 193.0, 335.0, -272.0, 321.0, 265.0, 299.0, -106.0, 125.0, -467.0, -445.0, 412.0, -439.0, -363.0, 281.0, 108.0, 114.0, -359.0, -99.0, -153.0, 84.0, 47.0, 308.0, 417.0, -283.0, 93.0, 5.0, 389.0, 47.0, 490.0, 407.0, 124.0, -376.0, -227.0, 477.0, -291.0, -316.0, 100.0, -335.0, 185.0, -398.0, -138.0, 470.0, 254.0, 451.0, 496.0, -98.0, 1.0, 349.0, -17.0, 131.0, 476.0, -500.0, 359.0, 251.0, -30.0, -129.0, -176.0, 382.0, -168.0, 196.0, 199.0, 175.0, -46.0, -225.0, -230.0, -128.0, 433.0, -353.0, 477.0, -423.0, 303.0, -331.0, -45.0, 439.0, 429.0, -179.0, 101.0, -248.0, -391.0, 366.0, -86.0, -436.0, -153.0, -84.0, 214.0, -275.0, -461.0, -323.0, 395.0, 386.0, 51.0, -44.0, -173.0, 402.0, -222.0, 45.0, -128.0, -289.0, 31.0, 31.0, 62.0, -174.0, -174.0, -207.0, 88.0, 184.0, -352.0, 97.0, -50.0, 296.0, 250.0, 221.0, 134.0, 233.0, 299.0, 414.0, -44.0, -403.0, 124.0, -330.0, 400.0, -251.0, 341.0, -368.0, 29.0, -424.0, -50.0, -433.0, -333.0, -10.0, -459.0, 274.0, -269.0, 32.0, -106.0, 49.0, -424.0, -22.0, 380.0, 41.0, 52.0, 206.0, -85.0, -8.0, 356.0, 303.0, 89.0, 107.0, 212.0, 133.0, -104.0, 97.0, 224.0, -377.0, -327.0, 498.0, -148.0, 361.0, -301.0, -148.0, -215.0, -407.0, 150.0, 478.0, -150.0, -382.0, 53.0, -388.0, -165.0, -276.0, 57.0, 472.0, -166.0, 165.0, -143.0, 204.0, 88.0, -451.0, 351.0, 459.0, 186.0, 218.0, 316.0, 307.0, -48.0, -202.0, -198.0, -393.0, -230.0, 61.0, -316.0, -500.0, -149.0, -95.0, 8.0, -24.0, 381.0, -254.0, -118.0, -260.0, 122.0, -437.0, -457.0, -267.0, -290.0, -259.0, 477.0, 60.0, -376.0, 251.0, 460.0, 95.0, 106.0, 267.0, -256.0, -58.0, 162.0, 461.0, 74.0, 25.0, 432.0, -124.0, -89.0, 204.0, 242.0, -220.0, 284.0, 469.0, -286.0, 43.0, 64.0, -280.0, 246.0, -139.0, 343.0, 45.0, -122.0, 89.0, 352.0, 224.0, 279.0, 367.0, 166.0, -107.0, 333.0, 307.0, 409.0, 183.0, 90.0, 54.0, 110.0, -140.0, 262.0, 58.0, -238.0, 254.0, -326.0, -471.0, 38.0, 346.0, 442.0, 494.0, 439.0, -307.0, 221.0, -60.0, 422.0, 18.0, -184.0, 143.0, 499.0, -407.0, -200.0, -199.0, -304.0, 104.0, 101.0, -112.0, 99.0, -218.0, 286.0, 274.0, 428.0, -55.0, -183.0, 301.0, 166.0, -483.0, 102.0, 270.0, -334.0, -260.0, -158.0, -470.0, -278.0, 482.0, -321.0, 229.0, -349.0, -369.0, -221.0, 163.0, -90.0, -328.0, -119.0, 348.0, -496.0, 166.0, -495.0, 242.0, -195.0, -363.0, -500.0, 118.0, -12.0, -342.0, 137.0, -207.0, 197.0, 390.0, -269.0, -19.0, -402.0, 305.0, -86.0, 308.0, -334.0, 22.0, -110.0, -190.0, 163.0, 165.0, 386.0, -234.0, 66.0, -4.0, 153.0, -496.0, 485.0, 245.0, 272.0, -93.0, -426.0, 422.0, -48.0, 357.0, 164.0, 430.0, -124.0, 96.0, -23.0, 185.0, 365.0, 36.0, -494.0, -430.0, 408.0, 366.0, -217.0, 345.0, -332.0, -335.0, -369.0, -365.0, -186.0, 247.0, 61.0, 373.0, 143.0, -271.0, 331.0, -312.0, 372.0, 201.0, -397.0, 299.0, -29.0, -463.0, 45.0, -362.0, -184.0, 356.0, -53.0, -288.0, 474.0, 474.0, 190.0, -226.0, -104.0, 155.0, -418.0, -105.0, 288.0, 367.0, 118.0, -119.0, -83.0, 244.0, -204.0, -44.0, 323.0, 499.0, 278.0, 106.0, 429.0, -236.0, -257.0, -462.0, 368.0, 271.0, 200.0, 490.0, 34.0, -11.0, -70.0, -461.0, 473.0, -50.0, 357.0, -270.0, 153.0, 103.0, 355.0, 469.0, -175.0, -337.0, -363.0, 497.0, 255.0, -261.0, 497.0, -334.0, -355.0, 197.0, 482.0, 496.0, 321.0, -377.0, -268.0, -189.0, 459.0, 13.0, 362.0, 30.0, -396.0, 379.0, -457.0, -85.0, 441.0, 0.0, 305.0, 165.0, -409.0, 30.0, 116.0, -116.0, -326.0, -295.0, 464.0, -281.0, -334.0, -284.0, -414.0, -496.0, 50.0, -383.0, -441.0, 442.0, 341.0, -45.0, 468.0, -131.0, -430.0, -440.0, 112.0, -224.0, -393.0, -328.0, 65.0, 94.0, -124.0, 479.0, -457.0, 424.0, 407.0, -187.0, -425.0, -161.0, -457.0, 77.0, 190.0, 337.0, 197.0, 93.0, 149.0, 265.0, -133.0, -119.0, -440.0, 347.0, 288.0, -341.0, -420.0, -335.0, -78.0, 307.0, 395.0, 231.0, 370.0, -465.0, 483.0, 193.0, -377.0, 30.0, -227.0, 30.0, 61.0, -426.0, 82.0, 492.0, 274.0, -22.0, -238.0, 174.0, 426.0, -427.0, 265.0, -182.0, -377.0, -87.0, -248.0, -193.0, -24.0, -454.0, 331.0, -50.0, 276.0, -201.0, 423.0, -62.0, 375.0, 114.0, 211.0, 34.0, 400.0, -442.0, 486.0, 17.0, -232.0, 410.0, 11.0, 388.0, 314.0, -21.0, 133.0, 150.0, 213.0, -40.0, 68.0, -247.0, -269.0, 420.0, 138.0, -434.0, 180.0, 114.0, -152.0, -182.0, -304.0, 216.0, -255.0, -89.0, 60.0, 323.0, -225.0, -282.0, 46.0, 88.0, 283.0, -162.0, 173.0, 384.0, -331.0, -46.0, 409.0, 460.0, -469.0, -320.0, -422.0, 425.0, 486.0, -481.0, 443.0, 126.0, -187.0, 410.0, 44.0, -54.0, -355.0, 24.0, 155.0, -437.0, 448.0, 468.0, 165.0, 81.0, 7.0, 248.0, 99.0, 406.0, 58.0, -32.0, -115.0, -470.0, 49.0, -79.0, -30.0, 115.0, 324.0, 75.0, -203.0, 360.0, -151.0, 207.0, 19.0, 36.0, -276.0, -445.0, -23.0, 294.0, -258.0, 25.0, -73.0, -495.0, -211.0, -462.0, -206.0, -448.0, -396.0, 263.0, -136.0, 59.0, -331.0, 461.0, -388.0, -187.0, -253.0, 177.0, 339.0, 191.0, 176.0, 425.0, -305.0, 397.0, 46.0, 17.0, 235.0, 152.0, -298.0, 244.0, 336.0, -225.0, 471.0, 15.0, -265.0, 12.0, -120.0, 259.0, 281.0, 86.0, -219.0, -355.0, 93.0, -307.0, -412.0, -56.0, 109.0, 167.0, 488.0, 165.0, -328.0, 100.0, -228.0, 306.0, 405.0, 106.0, 33.0, -482.0, 426.0, 75.0, -88.0, -385.0, 34.0, -101.0, 147.0, -39.0, 160.0, 351.0, -442.0, -455.0, 33.0, 160.0, 81.0, -196.0, -102.0, -195.0, -192.0, 132.0, -154.0, -292.0, -121.0, 285.0, 152.0, -321.0, 275.0, 164.0, -105.0, 459.0, -199.0, -220.0, -19.0, -445.0, -297.0, 0.0, -278.0, -95.0, -368.0, 441.0, -318.0, 156.0, -65.0, 39.0, 259.0, -463.0, -205.0, -196.0, -361.0, 122.0, 159.0, 169.0, -59.0, -2.0, 232.0, 329.0, 239.0, 163.0, -106.0, -126.0, 423.0, 262.0, -460.0, 126.0, -125.0, 493.0, 217.0, 475.0, 182.0, 198.0, -248.0, -355.0, 154.0, 282.0, 128.0, -468.0, 62.0, 116.0, -151.0, -23.0, -135.0, 41.0, -61.0, 161.0, 277.0, -302.0, -339.0, 194.0, 307.0, -264.0, -43.0, -305.0, -422.0, -319.0, -274.0, 218.0, 485.0, -454.0, 42.0, 68.0, -405.0, 426.0, -50.0, 225.0, 371.0, -204.0, -351.0, -71.0, -134.0, 364.0, 142.0, 376.0, -284.0, 163.0, -61.0, -100.0, -58.0, 369.0, -360.0, -304.0, -421.0, 13.0, 392.0, -490.0, -118.0, 497.0, -256.0, -489.0, 402.0, 448.0, -352.0, 424.0, 71.0, 230.0, -43.0, -362.0, 458.0, 300.0, -225.0, 339.0, -454.0, 401.0, 415.0, 237.0, -174.0, -172.0, -436.0, -109.0, -51.0, 481.0, 344.0, 22.0, -358.0, -387.0, -497.0, 38.0, 37.0, -346.0, -398.0, -237.0, -58.0, 313.0, 422.0, -401.0, 450.0, -51.0, -129.0, 12.0, -172.0, 321.0, 11.0, -472.0, 487.0, -278.0, -390.0, -448.0, -177.0, 53.0, -40.0, 444.0, -130.0, -212.0, 225.0, 235.0, -403.0, -333.0, 439.0, -372.0, 424.0, 194.0, 438.0, -19.0, 334.0, 129.0, -281.0, 170.0, -76.0, -475.0, 181.0, -15.0, -359.0, 110.0, -1.0, 82.0, -18.0, -90.0, 186.0, -230.0, -217.0, 209.0, -290.0, -409.0, -24.0, 186.0, -331.0, 108.0, 429.0, -73.0, 138.0, 181.0, 282.0, 496.0, 70.0, 217.0, -124.0, -342.0, -320.0, -70.0, 46.0, 229.0, -369.0, 324.0, 169.0, -226.0, -22.0, 34.0, 399.0, -478.0, 374.0, 213.0, 268.0, -72.0, 366.0, -426.0, 309.0, 465.0, 417.0, 165.0, 171.0, -285.0, -332.0, -271.0, -392.0, -243.0, -382.0, -74.0, 128.0, 363.0, -227.0, -252.0, 228.0, -55.0, 127.0, -445.0, 294.0, -258.0, -8.0, 481.0, 396.0, 49.0, 486.0, -175.0, 243.0, -409.0, -204.0, 372.0, -267.0, 415.0, 59.0, -248.0, 149.0, -51.0, -247.0, 197.0, -324.0, 129.0, 140.0, 447.0, 499.0, 170.0, -242.0, -398.0, 405.0, -398.0, -10.0, -157.0, 240.0, -388.0, -375.0, 231.0, 435.0, -457.0, 43.0, 424.0, -133.0, -400.0, 293.0, -38.0, 465.0, -318.0, -122.0, -152.0, 42.0, -74.0, 374.0, 40.0, 381.0, -218.0, 329.0, -455.0, -459.0, -450.0, 62.0, 336.0, 94.0, -48.0, -30.0, 351.0, 15.0, 468.0, 175.0, 376.0, 268.0, -360.0, 346.0, -171.0, -80.0, -181.0, 359.0, -143.0, -488.0, -317.0, -62.0, -176.0, 455.0, 153.0, 388.0, -481.0, 45.0, 362.0, 144.0, -18.0, 351.0, -12.0, -443.0, 214.0, 259.0, -129.0, -86.0, 114.0, 317.0, -280.0, -39.0, 335.0, -282.0, -449.0, -493.0, -273.0, 232.0, -225.0, 380.0, -190.0, 10.0, -345.0, 494.0, 282.0, -233.0, -471.0, 307.0, -296.0, -365.0, 314.0, 95.0, -88.0, 27.0, 391.0, 20.0, -392.0, 115.0, -158.0, 72.0, 225.0, 466.0, -418.0, -216.0, 167.0, 213.0, 47.0, 86.0, -467.0, -254.0, -5.0, -305.0, -282.0, -480.0, 454.0, 467.0, 62.0, 280.0, 498.0, 105.0, 261.0, 332.0, -464.0, 345.0, -23.0, -259.0, 96.0, -54.0, -175.0, 308.0, 289.0, 172.0, -47.0, 486.0, 457.0, 220.0, 123.0, -486.0, 33.0, 394.0, -26.0, 28.0, -381.0, -64.0, 408.0, -72.0, 453.0, 28.0, -481.0, -154.0, 240.0, -343.0, 425.0, -174.0, -93.0, -151.0, 453.0, 497.0, -310.0, 339.0, 383.0, 23.0, -85.0, 147.0, 428.0, 314.0, -176.0, -157.0, 41.0, 61.0, -446.0, -20.0, 199.0, 90.0, 83.0, 285.0, -45.0, 208.0, 381.0, -168.0, 152.0, 482.0, -474.0, -90.0, 333.0, -116.0, -95.0, -112.0, -448.0, 6.0, -489.0, -295.0, -352.0, -249.0, 283.0, -309.0, -320.0, 370.0, -187.0, 200.0, -111.0, 491.0, 440.0, 95.0, 70.0, 278.0, -248.0, -493.0, 264.0, 446.0, -122.0, -482.0, -413.0, 89.0, -491.0, 0.0, 276.0, 120.0, -288.0, -407.0, -133.0, -390.0, 129.0, 293.0, -492.0, -148.0, 330.0, -44.0, 144.0, 487.0, -237.0, 425.0, 392.0, 76.0, -488.0, 237.0, 124.0, -286.0, 281.0, -142.0, 155.0, -260.0, -136.0, 56.0, -464.0, -324.0, -156.0, 156.0, -432.0, -129.0, -322.0, 59.0, -405.0, -313.0, -377.0, 318.0, 194.0, 463.0, 419.0, 325.0, -315.0, -143.0, 244.0, -180.0, 341.0, -147.0, -128.0, -188.0, -43.0, 465.0, -275.0, -333.0, -305.0, 476.0, 93.0, 51.0, -152.0, 425.0, 425.0, -368.0, -305.0, 197.0, 233.0, 194.0, -132.0, -465.0, 284.0, 393.0, 249.0, -34.0, -470.0, -430.0, -360.0, -212.0, -426.0, -121.0, 102.0, -158.0, 288.0, -449.0, 281.0, -360.0, -23.0, 280.0, 296.0, -65.0, 344.0, -283.0, 2.0, -109.0, 77.0, 264.0, -176.0, 357.0, 26.0, -295.0, -380.0, 261.0, 461.0, 37.0, 75.0, 406.0, -182.0, -200.0, -420.0, -239.0, -87.0, 28.0, -22.0, 393.0, 284.0, 211.0, -110.0, 383.0, 304.0, 8.0, 166.0, 311.0, 34.0, 205.0, -282.0, 44.0, 114.0, 411.0, -302.0, -346.0, -260.0, -107.0, -40.0, -29.0, 250.0, 6.0, -90.0, -448.0, -138.0, 289.0, 357.0, -409.0, -339.0, -217.0, 110.0, 54.0, -444.0, 226.0, 87.0, -181.0, -449.0, 437.0, -421.0, 230.0, 197.0, -257.0, -275.0, 498.0, -279.0, -479.0, -189.0, -207.0, -109.0, 27.0, -60.0, -381.0, -430.0, -55.0, -95.0, 270.0, -296.0, 163.0, 143.0, -274.0, -468.0, -59.0, 325.0, -185.0, -454.0, -372.0, -285.0, -105.0, 370.0, -384.0, 121.0, -22.0, -322.0, -235.0, 273.0, -64.0, -138.0, -112.0, 297.0, -413.0, -218.0, -198.0, 259.0, -187.0, 362.0, -4.0, 203.0, -462.0, 72.0, -91.0, -77.0, 303.0, -406.0, 482.0, 317.0, 279.0, 397.0, 307.0, -183.0, 217.0, -463.0, -68.0, 288.0, 162.0, 476.0, -164.0, 425.0, -381.0, 107.0, 58.0, -358.0, 134.0, 4.0, 337.0, -108.0, -282.0, -282.0, 19.0, 245.0, -110.0, 246.0, 457.0, -4.0, 213.0, -98.0, 32.0, -194.0, 274.0, 459.0, 175.0, 243.0, 247.0, 496.0, 203.0, -153.0, 125.0, -453.0, -261.0, -316.0, 298.0, 35.0, 134.0, -400.0, 293.0, 293.0, 47.0, -371.0, 448.0, -43.0, -329.0, 153.0, 142.0, 360.0, 149.0, -92.0, 45.0, 327.0, 4.0, 123.0, -249.0, 163.0, -351.0, 208.0, 119.0, 30.0, -252.0, -455.0, -317.0, 128.0, -24.0, -88.0, 398.0, -179.0, -32.0, 348.0, 428.0, 366.0, 432.0, -330.0, -159.0, -112.0, 169.0, -367.0, -68.0, -399.0, -434.0, -422.0, -317.0, 422.0, 333.0, -140.0, -282.0, 321.0, 130.0, -88.0, 257.0, 187.0, 123.0, -420.0, -391.0, 259.0, -48.0, 37.0, -348.0, 482.0, -313.0, -18.0, 39.0, -208.0, 390.0, -134.0, -362.0, 354.0, -93.0, -418.0, -423.0, -435.0, -130.0, 455.0, 153.0, 329.0, -165.0, -383.0, -216.0, 142.0, -154.0, 149.0, -208.0, -107.0, -102.0, 415.0, -31.0, 360.0, 290.0, -191.0, -452.0, -334.0, 182.0, -185.0, 301.0, 412.0, 92.0, -182.0, -291.0, 457.0, -349.0, -384.0, -98.0, -157.0, 339.0, 280.0, 176.0, 346.0, 468.0, 399.0, -29.0, -46.0, -441.0, 231.0, 33.0, -492.0, 58.0, 31.0, -475.0, -313.0, 279.0, -101.0, -47.0, -487.0, -293.0, 127.0, 283.0, 135.0, -104.0, 354.0, -419.0, -83.0, -482.0, 214.0, -401.0, -441.0, 224.0, 430.0, 362.0, -41.0, -26.0, -296.0, -294.0, 467.0, -158.0, -215.0, 127.0, 19.0, -198.0, 315.0, 110.0, -248.0, -102.0, -263.0, -386.0, -422.0, 362.0, -330.0, 426.0, -205.0, -496.0, -191.0, 41.0, 156.0, 212.0, -478.0, -488.0, 295.0, 133.0, -339.0, -131.0, 86.0, -268.0, -250.0, 415.0, -385.0, 330.0, -408.0, 158.0, -323.0, -410.0, -238.0, -221.0, 74.0, 92.0, 233.0, 12.0, 306.0, -12.0, -351.0, -71.0, -354.0, 17.0, -335.0, 479.0, -331.0, -318.0, -61.0, 359.0, 99.0, 135.0, 20.0, 291.0, 103.0, 434.0, -77.0, -202.0, -369.0, -25.0, -488.0, 34.0, 482.0, 36.0, -23.0, -267.0, -223.0, 144.0, -69.0, 412.0, -459.0, 181.0, -161.0, -452.0, -154.0, -441.0, 393.0, -174.0, -133.0, -357.0, 82.0, 287.0, 366.0, -357.0, -76.0, 41.0, -319.0, -428.0, -443.0, 73.0, -203.0, 305.0, 325.0, -29.0, -347.0, -20.0, 490.0, 139.0, 103.0, -357.0, 163.0, 296.0, -408.0, 17.0, -241.0, 347.0, -371.0, -338.0, -475.0, -47.0, 206.0, -13.0, -493.0, 448.0, 449.0, -266.0, 156.0, 89.0, 96.0, -136.0, -105.0, -285.0, -352.0, 285.0, 470.0, -65.0, -338.0, 105.0, 203.0, -336.0, 119.0, 144.0, 352.0, -197.0, 115.0, -270.0, 341.0, -76.0, 41.0, 476.0, 484.0, -416.0, 82.0, -211.0, 11.0, -333.0, 409.0, 332.0, 479.0, -382.0, -409.0, 4.0, 292.0, 55.0, 246.0, 404.0, -451.0, -205.0, 55.0, 82.0, 90.0, 29.0, 424.0, -187.0, -100.0, -210.0, -123.0, -283.0, 282.0, -124.0, -13.0, -220.0, 426.0, 315.0, -243.0, -476.0, 412.0, 374.0, 291.0, -314.0, -448.0, -15.0, 137.0, -277.0, 128.0, 289.0, -357.0, -38.0, -193.0, -250.0, 246.0, -407.0, 48.0, 129.0, 300.0, -379.0, -316.0, -142.0, 345.0, -105.0, -197.0, -198.0, -219.0, 446.0, -448.0, 19.0, 406.0, -288.0, -197.0, -308.0, 280.0, -212.0, -327.0, -386.0, 343.0, 150.0, -459.0, -119.0, 359.0, -371.0, -322.0, -447.0, 327.0, 215.0, -128.0, 72.0, -278.0, 452.0, 474.0, -331.0, -255.0, -61.0, -300.0, 160.0, 44.0, -101.0, -100.0, 360.0, 297.0, 323.0, -413.0, -270.0, -287.0, 343.0, -253.0, -103.0, 178.0, 20.0, -371.0, 286.0, -21.0, -76.0, 11.0, -489.0, -396.0, -343.0, 71.0, -368.0, -480.0, -264.0, 278.0, 69.0, 307.0, -91.0, 490.0, 294.0, -155.0, -335.0, 66.0, -414.0, 192.0, -333.0, -477.0, 58.0, 221.0, -143.0, 83.0, -269.0, -191.0, 182.0, 427.0, 251.0, 397.0, -31.0, 350.0, 73.0, -323.0, 219.0, 114.0, 17.0, 349.0, -207.0, -61.0, 417.0, -215.0, 145.0, 60.0, 451.0, -470.0, -458.0, 357.0, 437.0, -164.0, 81.0, 80.0, 68.0, -390.0, 192.0, 179.0, 171.0, 59.0, 113.0, 243.0, 308.0, 395.0, 313.0, 208.0, 427.0, -440.0, -352.0, 95.0, -81.0, 349.0, -459.0, 84.0, -325.0, -102.0, -173.0, 422.0, -138.0, -291.0, 109.0, -414.0, -19.0, -458.0, -250.0, 219.0, 233.0, -439.0, 325.0, 136.0, -252.0, 218.0, 372.0, -99.0, 319.0, 120.0, 424.0, 1.0, -446.0, -22.0, 82.0, -243.0, 426.0, -386.0, 5.0, -10.0, -440.0, -418.0, 285.0, 330.0, 152.0, -266.0, -360.0, -435.0, -16.0, -484.0, 412.0, -121.0, -468.0, 486.0, -271.0, 10.0, -476.0, 104.0, 317.0, 180.0, 236.0, 55.0, 229.0, 115.0, 51.0, 152.0, 62.0, 48.0, 401.0, 378.0, 436.0, 53.0, -101.0, 383.0, -264.0, -63.0, -304.0, -209.0, 382.0, 190.0, 26.0, 476.0, 48.0, 146.0, 496.0, -356.0, -351.0, 59.0, 383.0, 238.0, -466.0, 39.0, 98.0, 336.0, -273.0, -432.0, -382.0, 23.0, 453.0, -10.0, -304.0, -42.0, -416.0, 421.0, 95.0, -436.0, 13.0, 1.0, -218.0, -345.0, -411.0, 64.0, -201.0, 374.0, -203.0, -36.0, -31.0, 108.0, 396.0, 179.0, 198.0, 460.0, -415.0, 156.0, -162.0, -116.0, -340.0, -182.0, -165.0, -131.0, -218.0, -389.0, 5.0, -61.0, 474.0, 337.0, 328.0, 471.0, 494.0, -382.0, -419.0, 332.0, 290.0, 202.0, -295.0, -49.0, -210.0, 113.0, 261.0, 481.0, -198.0, 304.0, 234.0, -153.0, -124.0, -3.0, -317.0, 202.0, 55.0, -242.0, -51.0, -92.0, -55.0, -432.0, 449.0, 413.0, -481.0, 303.0, -332.0, 242.0, -240.0, 39.0, 270.0, 43.0, 255.0, -295.0, 42.0, -51.0, 216.0, 218.0, -78.0, 34.0, 6.0, 376.0, -335.0, -170.0, 444.0, -319.0, 173.0, 89.0, -43.0, 389.0, 33.0, 473.0, 453.0, 144.0, 112.0, -405.0, 6.0, 171.0, -113.0, -165.0, -217.0, 179.0, 120.0, -360.0, 407.0, 47.0, 28.0, -5.0, 457.0, 57.0, -77.0, -226.0, -345.0, 157.0, 137.0, -457.0, -224.0, 456.0, 101.0, 358.0, -241.0, 362.0, -170.0, 279.0, 334.0, -392.0, -243.0, -6.0, 3.0, 154.0, 181.0, 390.0, 379.0, 411.0, -223.0, 308.0, -248.0, 185.0, 408.0, 45.0, -448.0, 289.0, 280.0, -31.0, -389.0, 90.0, 122.0, -206.0, -61.0, 364.0, -167.0, 482.0, -151.0, -249.0, 126.0, 138.0, -247.0, -124.0, -424.0, -134.0, 265.0, -421.0, -496.0, -95.0, -236.0, -279.0, -261.0, -61.0, -100.0, -295.0, 8.0, -1.0, 436.0, -415.0, -201.0, -328.0, -64.0, -10.0, 401.0, -16.0, 456.0, 463.0, 309.0, -101.0, -93.0, -257.0, -483.0, -131.0, -209.0, 83.0, 59.0, 493.0, 40.0, 174.0, -459.0, -242.0, -45.0, 456.0, -12.0, -120.0, -217.0, -291.0, -184.0, -210.0, 394.0, -357.0, -266.0, 458.0, -26.0, 104.0, -81.0, 407.0, -326.0, -225.0, -445.0, 328.0, -127.0, -241.0, -396.0, -82.0, 202.0, -185.0, -40.0, -273.0, -455.0, 230.0, -59.0, 429.0, -15.0, -368.0, 324.0, -185.0, -350.0, -424.0, -145.0, -482.0, -148.0, -97.0, -29.0, 165.0, 313.0, -76.0, 490.0, 430.0, -372.0, 197.0, 272.0, -104.0, -324.0, -346.0, 293.0, -271.0, 147.0, -111.0, 234.0, 373.0, -276.0, 200.0, -362.0, -94.0, 449.0, 447.0, -300.0, 180.0, 279.0, 289.0, -128.0, -180.0, -138.0, -265.0, -169.0, 173.0, -408.0, 481.0, 29.0, 325.0, -171.0, 301.0, -294.0, -297.0, -420.0, -236.0, -385.0, -434.0, -237.0, -63.0, -454.0, 150.0, -142.0, 128.0, -77.0, 90.0, -351.0, 284.0, -281.0, -482.0, 244.0, -36.0, 279.0, 68.0, 383.0, 418.0, -15.0, 491.0, 345.0, 17.0, -18.0, -489.0, 497.0, 191.0, 439.0, 80.0, -425.0, -102.0, 137.0, -5.0, 439.0, 268.0, -347.0, 55.0, -374.0, 434.0, -147.0, 484.0, 433.0, 280.0, 415.0, -323.0, 26.0, 476.0, 255.0, -269.0, -85.0, -113.0, -61.0, 188.0, -198.0, -367.0, -1.0, -347.0, 479.0, 217.0, -282.0, 109.0, -229.0, -93.0, 56.0, 268.0, 257.0, -451.0, -481.0, 347.0, 443.0, -473.0, -167.0, -311.0, -73.0, 300.0, -130.0, 30.0, 73.0, -500.0, -168.0, 330.0, -129.0, 408.0, -171.0, -166.0, 432.0, -368.0, 49.0, -317.0, -214.0, -179.0, -317.0, 183.0, -21.0, 410.0, 337.0, -142.0, -436.0, -371.0, 402.0, -10.0, -144.0, -383.0, -78.0, 340.0, 310.0, 492.0, -87.0, 74.0, -1.0, -209.0, 430.0, 213.0, 128.0, 270.0, -260.0, -244.0, -383.0, -223.0, -489.0, 493.0, 393.0, 230.0, -260.0, -29.0, 226.0, 272.0, -300.0, 247.0, 297.0, -492.0, 106.0, -182.0, 218.0, 289.0, -334.0, 338.0, 356.0, -365.0, 440.0, 218.0, 268.0, 6.0, -420.0, -213.0, -416.0, 218.0, 238.0, 338.0, -193.0, -480.0, 179.0, 131.0, -112.0, -334.0, 487.0, -215.0, 306.0, 311.0, -472.0, -78.0, 251.0, -230.0, 309.0, 448.0, 238.0, -473.0, -376.0, 200.0, 359.0, 418.0, 499.0, 203.0, -413.0, -59.0, -207.0, 253.0, -451.0, 121.0, -69.0, 334.0, 27.0, 315.0, -402.0, 307.0, 424.0, -257.0, 20.0, -100.0, 379.0, 0.0, 7.0, -116.0, 475.0, 397.0, -465.0, -25.0, 341.0, -460.0, 386.0, 455.0, 373.0, 305.0, 498.0, -486.0, 288.0, -396.0, -364.0, 477.0, -424.0, 445.0, 146.0, -21.0, -381.0, -14.0, -70.0, -329.0, 27.0, -25.0, 351.0, 90.0, -392.0, -290.0, -126.0, 312.0, 336.0, 260.0, -201.0, 212.0, 246.0, 18.0, 240.0, 381.0, 346.0, -249.0, 298.0, 27.0, -196.0, 473.0, -326.0, 195.0, 220.0, 328.0, 365.0, -72.0, 119.0, 53.0, -112.0, 394.0, -225.0, 420.0, 204.0, -30.0, 396.0, -330.0, -389.0, -145.0, -151.0, 32.0, -477.0, 74.0, -102.0, 236.0, -457.0, 497.0, -167.0, -247.0, -493.0, 207.0, -255.0, 303.0, 327.0, -124.0, -283.0, 109.0, 354.0, 344.0, 202.0, 5.0, -320.0, -413.0, -351.0, -187.0, 170.0, -365.0, -365.0, 123.0, 84.0, -280.0, 240.0, 368.0, -148.0, -180.0, 128.0, 239.0, -214.0, 281.0, 46.0, -45.0, 438.0, 231.0, 272.0, -319.0, 126.0, 403.0, -306.0, -379.0, -36.0, 429.0, -184.0, 20.0, -163.0, 117.0, -227.0, 103.0, 351.0, 36.0, 392.0, -206.0, 132.0, -466.0, -82.0, 103.0, -188.0, 392.0, 285.0, 324.0, 363.0, 122.0, 241.0, 430.0, 63.0, 340.0, -20.0, -291.0, -235.0, -382.0, 150.0, 256.0, -164.0, 458.0, -290.0, 183.0, 31.0, 37.0, 444.0, 216.0, -199.0, 131.0, -329.0, 48.0, -355.0, 116.0, 412.0, -500.0, -73.0, 344.0, -24.0, -334.0, 56.0, 230.0, 39.0, 454.0, 98.0, 353.0, -136.0, -117.0, 378.0, 285.0, -321.0, 23.0, 138.0, -327.0, 267.0, 73.0, 26.0, -387.0, 421.0, -118.0, -400.0, 160.0, 71.0, -470.0, -330.0, -447.0, 404.0, 314.0, -261.0, 358.0, 359.0, 111.0, 245.0, 222.0, -241.0, 334.0, -302.0, -285.0, -87.0, -237.0, 74.0, -423.0, -490.0, 45.0, 76.0, -13.0, 117.0, 108.0, 297.0, -382.0, -25.0, 400.0, -209.0, 9.0, 285.0, 429.0, 309.0, 260.0, -214.0, 220.0, 83.0, 205.0, -438.0, 131.0, -174.0, 128.0, 208.0, -486.0, 288.0, -72.0, -293.0, 81.0, 332.0, 368.0, 251.0, 3.0, 7.0, -392.0, -329.0, -354.0, 343.0, 85.0, -9.0, 371.0, -318.0, 303.0, 403.0, -193.0, -414.0, -178.0, -338.0, -163.0, 223.0, -97.0, -357.0, -171.0, 187.0, 61.0, 32.0, -346.0, -412.0, 226.0, -283.0, 222.0, -32.0, 435.0, -116.0, -481.0, 346.0, 290.0, 124.0, 483.0, -382.0, 259.0, -40.0, -257.0, 78.0, -117.0, 269.0, -117.0, 42.0, -31.0, 45.0, 73.0, -297.0, 12.0, -211.0, -402.0, -308.0, -273.0, 403.0, 266.0, -235.0, 457.0, 478.0, 319.0, -148.0, -337.0, -145.0, -25.0, -410.0, -475.0, 499.0, 491.0, -374.0, -458.0, 35.0, 247.0, 53.0, 306.0, 25.0, -271.0, 17.0, 122.0, -225.0, -80.0, -349.0, -414.0, -436.0, 224.0, 262.0, 246.0, 102.0, -70.0, -347.0, -435.0, 106.0, 199.0, 421.0, -281.0, -157.0, 395.0, -222.0, 295.0, -210.0, 25.0, 326.0, -108.0, 476.0, 468.0, -44.0, 348.0, 28.0, 298.0, -494.0, -273.0, 74.0, -371.0, -350.0, 287.0, 464.0, -83.0, 454.0, 394.0, 355.0, -127.0, -244.0, -246.0, -466.0, 246.0, 456.0, 352.0, -312.0, 241.0, -35.0, 85.0, 20.0, 107.0, 71.0, 479.0, -399.0, -62.0, 399.0, 401.0, 7.0, 344.0, 282.0, 273.0, 260.0, -117.0, 346.0, -164.0, -105.0, 281.0, 497.0, 240.0, 228.0, -478.0, 460.0, 477.0, 125.0, 109.0, -19.0, 92.0, 294.0, -68.0, 10.0, 254.0, -389.0, -24.0, 269.0, -328.0, -62.0, 87.0, -473.0], 'hr': 72.0, 'text': 'test request'}
2025-04-14 14:13:02.361 | DEBUG    | aisleep.api.main:predict_sleep_stage:383 - 信号验证通过，hr_value=72.0
2025-04-14 14:13:02.378 | ERROR    | aisleep.api.main:predict_sleep_stage:409 - 处理失败: name 'hr' is not defined
2025-04-14 14:13:02.379 | INFO     | aisleep.api.main:combined_middleware:302 - POST /api/v1/predict - 500
2025-04-14 14:14:28.567 | INFO     | aisleep.api.main:lifespan:139 - System shutdown
2025-04-14 14:14:32.579 | INFO     | aisleep.api.main:<module>:195 - Prometheus metrics enabled
2025-04-14 14:14:32.586 | INFO     | aisleep.api.main:lifespan:107 - Starting system...
2025-04-14 14:14:32.586 | INFO     | aisleep.api.main:lifespan:110 - 正在初始化Redis缓存...
2025-04-14 14:14:32.587 | INFO     | aisleep.api.main:lifespan:112 - 正在加载模型...
2025-04-14 14:14:32.591 | WARNING  | aisleep.api.main:lifespan:121 - CUDA设备未找到，将使用CPU进行推理
2025-04-14 14:14:32.591 | INFO     | aisleep.api.main:lifespan:126 - Model loaded successfully
2025-04-14 14:14:32.593 | INFO     | aisleep.api.main:lifespan:130 - System initialized
2025-04-14 14:14:43.527 | INFO     | aisleep.api.main:lifespan:139 - System shutdown
2025-04-14 14:14:47.711 | INFO     | aisleep.api.main:<module>:195 - Prometheus metrics enabled
2025-04-14 14:14:47.718 | INFO     | aisleep.api.main:lifespan:107 - Starting system...
2025-04-14 14:14:47.718 | INFO     | aisleep.api.main:lifespan:110 - 正在初始化Redis缓存...
2025-04-14 14:14:47.719 | INFO     | aisleep.api.main:lifespan:112 - 正在加载模型...
2025-04-14 14:14:47.723 | WARNING  | aisleep.api.main:lifespan:121 - CUDA设备未找到，将使用CPU进行推理
2025-04-14 14:14:47.723 | INFO     | aisleep.api.main:lifespan:126 - Model loaded successfully
2025-04-14 14:14:47.725 | INFO     | aisleep.api.main:lifespan:130 - System initialized
2025-04-14 14:20:13.698 | INFO     | aisleep.api.main:lifespan:139 - System shutdown
2025-04-14 14:20:17.773 | INFO     | aisleep.api.main:<module>:195 - Prometheus metrics enabled
2025-04-14 14:20:17.781 | INFO     | aisleep.api.main:lifespan:107 - Starting system...
2025-04-14 14:20:17.781 | INFO     | aisleep.api.main:lifespan:110 - 正在初始化Redis缓存...
2025-04-14 14:20:17.781 | INFO     | aisleep.api.main:lifespan:112 - 正在加载模型...
2025-04-14 14:20:17.786 | WARNING  | aisleep.api.main:lifespan:121 - CUDA设备未找到，将使用CPU进行推理
2025-04-14 14:20:17.786 | INFO     | aisleep.api.main:lifespan:126 - Model loaded successfully
2025-04-14 14:20:17.788 | INFO     | aisleep.api.main:lifespan:130 - System initialized
2025-04-14 14:21:26.596 | DEBUG    | aisleep.api.main:predict_sleep_stage:364 - 开始处理请求，请求数据: {'audio': [-57.0, 401.0, -317.0, -107.0, -91.0, -251.0, 356.0, 428.0, 205.0, -386.0, -1.0, -66.0, -146.0, -444.0, -205.0, -146.0, 199.0, -445.0, 424.0, 491.0, 302.0, 292.0, -491.0, -175.0, 387.0, 63.0, 147.0, 448.0, 16.0, -5.0, 251.0, -425.0, -257.0, 129.0, 426.0, -298.0, 120.0, -3.0, 319.0, -116.0, 356.0, -111.0, 415.0, 410.0, 233.0, 269.0, -458.0, -168.0, -303.0, 448.0, -1.0, 299.0, 266.0, -498.0, -93.0, 304.0, 395.0, -421.0, 64.0, 20.0, 2.0, -236.0, -94.0, 149.0, 75.0, 210.0, -389.0, -354.0, 296.0, 208.0, 111.0, 413.0, -110.0, -129.0, 51.0, -463.0, 329.0, 297.0, 421.0, 164.0, 193.0, -70.0, 150.0, -192.0, 165.0, -239.0, -65.0, 98.0, 448.0, -445.0, 100.0, 193.0, 335.0, -272.0, 321.0, 265.0, 299.0, -106.0, 125.0, -467.0, -445.0, 412.0, -439.0, -363.0, 281.0, 108.0, 114.0, -359.0, -99.0, -153.0, 84.0, 47.0, 308.0, 417.0, -283.0, 93.0, 5.0, 389.0, 47.0, 490.0, 407.0, 124.0, -376.0, -227.0, 477.0, -291.0, -316.0, 100.0, -335.0, 185.0, -398.0, -138.0, 470.0, 254.0, 451.0, 496.0, -98.0, 1.0, 349.0, -17.0, 131.0, 476.0, -500.0, 359.0, 251.0, -30.0, -129.0, -176.0, 382.0, -168.0, 196.0, 199.0, 175.0, -46.0, -225.0, -230.0, -128.0, 433.0, -353.0, 477.0, -423.0, 303.0, -331.0, -45.0, 439.0, 429.0, -179.0, 101.0, -248.0, -391.0, 366.0, -86.0, -436.0, -153.0, -84.0, 214.0, -275.0, -461.0, -323.0, 395.0, 386.0, 51.0, -44.0, -173.0, 402.0, -222.0, 45.0, -128.0, -289.0, 31.0, 31.0, 62.0, -174.0, -174.0, -207.0, 88.0, 184.0, -352.0, 97.0, -50.0, 296.0, 250.0, 221.0, 134.0, 233.0, 299.0, 414.0, -44.0, -403.0, 124.0, -330.0, 400.0, -251.0, 341.0, -368.0, 29.0, -424.0, -50.0, -433.0, -333.0, -10.0, -459.0, 274.0, -269.0, 32.0, -106.0, 49.0, -424.0, -22.0, 380.0, 41.0, 52.0, 206.0, -85.0, -8.0, 356.0, 303.0, 89.0, 107.0, 212.0, 133.0, -104.0, 97.0, 224.0, -377.0, -327.0, 498.0, -148.0, 361.0, -301.0, -148.0, -215.0, -407.0, 150.0, 478.0, -150.0, -382.0, 53.0, -388.0, -165.0, -276.0, 57.0, 472.0, -166.0, 165.0, -143.0, 204.0, 88.0, -451.0, 351.0, 459.0, 186.0, 218.0, 316.0, 307.0, -48.0, -202.0, -198.0, -393.0, -230.0, 61.0, -316.0, -500.0, -149.0, -95.0, 8.0, -24.0, 381.0, -254.0, -118.0, -260.0, 122.0, -437.0, -457.0, -267.0, -290.0, -259.0, 477.0, 60.0, -376.0, 251.0, 460.0, 95.0, 106.0, 267.0, -256.0, -58.0, 162.0, 461.0, 74.0, 25.0, 432.0, -124.0, -89.0, 204.0, 242.0, -220.0, 284.0, 469.0, -286.0, 43.0, 64.0, -280.0, 246.0, -139.0, 343.0, 45.0, -122.0, 89.0, 352.0, 224.0, 279.0, 367.0, 166.0, -107.0, 333.0, 307.0, 409.0, 183.0, 90.0, 54.0, 110.0, -140.0, 262.0, 58.0, -238.0, 254.0, -326.0, -471.0, 38.0, 346.0, 442.0, 494.0, 439.0, -307.0, 221.0, -60.0, 422.0, 18.0, -184.0, 143.0, 499.0, -407.0, -200.0, -199.0, -304.0, 104.0, 101.0, -112.0, 99.0, -218.0, 286.0, 274.0, 428.0, -55.0, -183.0, 301.0, 166.0, -483.0, 102.0, 270.0, -334.0, -260.0, -158.0, -470.0, -278.0, 482.0, -321.0, 229.0, -349.0, -369.0, -221.0, 163.0, -90.0, -328.0, -119.0, 348.0, -496.0, 166.0, -495.0, 242.0, -195.0, -363.0, -500.0, 118.0, -12.0, -342.0, 137.0, -207.0, 197.0, 390.0, -269.0, -19.0, -402.0, 305.0, -86.0, 308.0, -334.0, 22.0, -110.0, -190.0, 163.0, 165.0, 386.0, -234.0, 66.0, -4.0, 153.0, -496.0, 485.0, 245.0, 272.0, -93.0, -426.0, 422.0, -48.0, 357.0, 164.0, 430.0, -124.0, 96.0, -23.0, 185.0, 365.0, 36.0, -494.0, -430.0, 408.0, 366.0, -217.0, 345.0, -332.0, -335.0, -369.0, -365.0, -186.0, 247.0, 61.0, 373.0, 143.0, -271.0, 331.0, -312.0, 372.0, 201.0, -397.0, 299.0, -29.0, -463.0, 45.0, -362.0, -184.0, 356.0, -53.0, -288.0, 474.0, 474.0, 190.0, -226.0, -104.0, 155.0, -418.0, -105.0, 288.0, 367.0, 118.0, -119.0, -83.0, 244.0, -204.0, -44.0, 323.0, 499.0, 278.0, 106.0, 429.0, -236.0, -257.0, -462.0, 368.0, 271.0, 200.0, 490.0, 34.0, -11.0, -70.0, -461.0, 473.0, -50.0, 357.0, -270.0, 153.0, 103.0, 355.0, 469.0, -175.0, -337.0, -363.0, 497.0, 255.0, -261.0, 497.0, -334.0, -355.0, 197.0, 482.0, 496.0, 321.0, -377.0, -268.0, -189.0, 459.0, 13.0, 362.0, 30.0, -396.0, 379.0, -457.0, -85.0, 441.0, 0.0, 305.0, 165.0, -409.0, 30.0, 116.0, -116.0, -326.0, -295.0, 464.0, -281.0, -334.0, -284.0, -414.0, -496.0, 50.0, -383.0, -441.0, 442.0, 341.0, -45.0, 468.0, -131.0, -430.0, -440.0, 112.0, -224.0, -393.0, -328.0, 65.0, 94.0, -124.0, 479.0, -457.0, 424.0, 407.0, -187.0, -425.0, -161.0, -457.0, 77.0, 190.0, 337.0, 197.0, 93.0, 149.0, 265.0, -133.0, -119.0, -440.0, 347.0, 288.0, -341.0, -420.0, -335.0, -78.0, 307.0, 395.0, 231.0, 370.0, -465.0, 483.0, 193.0, -377.0, 30.0, -227.0, 30.0, 61.0, -426.0, 82.0, 492.0, 274.0, -22.0, -238.0, 174.0, 426.0, -427.0, 265.0, -182.0, -377.0, -87.0, -248.0, -193.0, -24.0, -454.0, 331.0, -50.0, 276.0, -201.0, 423.0, -62.0, 375.0, 114.0, 211.0, 34.0, 400.0, -442.0, 486.0, 17.0, -232.0, 410.0, 11.0, 388.0, 314.0, -21.0, 133.0, 150.0, 213.0, -40.0, 68.0, -247.0, -269.0, 420.0, 138.0, -434.0, 180.0, 114.0, -152.0, -182.0, -304.0, 216.0, -255.0, -89.0, 60.0, 323.0, -225.0, -282.0, 46.0, 88.0, 283.0, -162.0, 173.0, 384.0, -331.0, -46.0, 409.0, 460.0, -469.0, -320.0, -422.0, 425.0, 486.0, -481.0, 443.0, 126.0, -187.0, 410.0, 44.0, -54.0, -355.0, 24.0, 155.0, -437.0, 448.0, 468.0, 165.0, 81.0, 7.0, 248.0, 99.0, 406.0, 58.0, -32.0, -115.0, -470.0, 49.0, -79.0, -30.0, 115.0, 324.0, 75.0, -203.0, 360.0, -151.0, 207.0, 19.0, 36.0, -276.0, -445.0, -23.0, 294.0, -258.0, 25.0, -73.0, -495.0, -211.0, -462.0, -206.0, -448.0, -396.0, 263.0, -136.0, 59.0, -331.0, 461.0, -388.0, -187.0, -253.0, 177.0, 339.0, 191.0, 176.0, 425.0, -305.0, 397.0, 46.0, 17.0, 235.0, 152.0, -298.0, 244.0, 336.0, -225.0, 471.0, 15.0, -265.0, 12.0, -120.0, 259.0, 281.0, 86.0, -219.0, -355.0, 93.0, -307.0, -412.0, -56.0, 109.0, 167.0, 488.0, 165.0, -328.0, 100.0, -228.0, 306.0, 405.0, 106.0, 33.0, -482.0, 426.0, 75.0, -88.0, -385.0, 34.0, -101.0, 147.0, -39.0, 160.0, 351.0, -442.0, -455.0, 33.0, 160.0, 81.0, -196.0, -102.0, -195.0, -192.0, 132.0, -154.0, -292.0, -121.0, 285.0, 152.0, -321.0, 275.0, 164.0, -105.0, 459.0, -199.0, -220.0, -19.0, -445.0, -297.0, 0.0, -278.0, -95.0, -368.0, 441.0, -318.0, 156.0, -65.0, 39.0, 259.0, -463.0, -205.0, -196.0, -361.0, 122.0, 159.0, 169.0, -59.0, -2.0, 232.0, 329.0, 239.0, 163.0, -106.0, -126.0, 423.0, 262.0, -460.0, 126.0, -125.0, 493.0, 217.0, 475.0, 182.0, 198.0, -248.0, -355.0, 154.0, 282.0, 128.0, -468.0, 62.0, 116.0, -151.0, -23.0, -135.0, 41.0, -61.0, 161.0, 277.0, -302.0, -339.0, 194.0, 307.0, -264.0, -43.0, -305.0, -422.0, -319.0, -274.0, 218.0, 485.0, -454.0, 42.0, 68.0, -405.0, 426.0, -50.0, 225.0, 371.0, -204.0, -351.0, -71.0, -134.0, 364.0, 142.0, 376.0, -284.0, 163.0, -61.0, -100.0, -58.0, 369.0, -360.0, -304.0, -421.0, 13.0, 392.0, -490.0, -118.0, 497.0, -256.0, -489.0, 402.0, 448.0, -352.0, 424.0, 71.0, 230.0, -43.0, -362.0, 458.0, 300.0, -225.0, 339.0, -454.0, 401.0, 415.0, 237.0, -174.0, -172.0, -436.0, -109.0, -51.0, 481.0, 344.0, 22.0, -358.0, -387.0, -497.0, 38.0, 37.0, -346.0, -398.0, -237.0, -58.0, 313.0, 422.0, -401.0, 450.0, -51.0, -129.0, 12.0, -172.0, 321.0, 11.0, -472.0, 487.0, -278.0, -390.0, -448.0, -177.0, 53.0, -40.0, 444.0, -130.0, -212.0, 225.0, 235.0, -403.0, -333.0, 439.0, -372.0, 424.0, 194.0, 438.0, -19.0, 334.0, 129.0, -281.0, 170.0, -76.0, -475.0, 181.0, -15.0, -359.0, 110.0, -1.0, 82.0, -18.0, -90.0, 186.0, -230.0, -217.0, 209.0, -290.0, -409.0, -24.0, 186.0, -331.0, 108.0, 429.0, -73.0, 138.0, 181.0, 282.0, 496.0, 70.0, 217.0, -124.0, -342.0, -320.0, -70.0, 46.0, 229.0, -369.0, 324.0, 169.0, -226.0, -22.0, 34.0, 399.0, -478.0, 374.0, 213.0, 268.0, -72.0, 366.0, -426.0, 309.0, 465.0, 417.0, 165.0, 171.0, -285.0, -332.0, -271.0, -392.0, -243.0, -382.0, -74.0, 128.0, 363.0, -227.0, -252.0, 228.0, -55.0, 127.0, -445.0, 294.0, -258.0, -8.0, 481.0, 396.0, 49.0, 486.0, -175.0, 243.0, -409.0, -204.0, 372.0, -267.0, 415.0, 59.0, -248.0, 149.0, -51.0, -247.0, 197.0, -324.0, 129.0, 140.0, 447.0, 499.0, 170.0, -242.0, -398.0, 405.0, -398.0, -10.0, -157.0, 240.0, -388.0, -375.0, 231.0, 435.0, -457.0, 43.0, 424.0, -133.0, -400.0, 293.0, -38.0, 465.0, -318.0, -122.0, -152.0, 42.0, -74.0, 374.0, 40.0, 381.0, -218.0, 329.0, -455.0, -459.0, -450.0, 62.0, 336.0, 94.0, -48.0, -30.0, 351.0, 15.0, 468.0, 175.0, 376.0, 268.0, -360.0, 346.0, -171.0, -80.0, -181.0, 359.0, -143.0, -488.0, -317.0, -62.0, -176.0, 455.0, 153.0, 388.0, -481.0, 45.0, 362.0, 144.0, -18.0, 351.0, -12.0, -443.0, 214.0, 259.0, -129.0, -86.0, 114.0, 317.0, -280.0, -39.0, 335.0, -282.0, -449.0, -493.0, -273.0, 232.0, -225.0, 380.0, -190.0, 10.0, -345.0, 494.0, 282.0, -233.0, -471.0, 307.0, -296.0, -365.0, 314.0, 95.0, -88.0, 27.0, 391.0, 20.0, -392.0, 115.0, -158.0, 72.0, 225.0, 466.0, -418.0, -216.0, 167.0, 213.0, 47.0, 86.0, -467.0, -254.0, -5.0, -305.0, -282.0, -480.0, 454.0, 467.0, 62.0, 280.0, 498.0, 105.0, 261.0, 332.0, -464.0, 345.0, -23.0, -259.0, 96.0, -54.0, -175.0, 308.0, 289.0, 172.0, -47.0, 486.0, 457.0, 220.0, 123.0, -486.0, 33.0, 394.0, -26.0, 28.0, -381.0, -64.0, 408.0, -72.0, 453.0, 28.0, -481.0, -154.0, 240.0, -343.0, 425.0, -174.0, -93.0, -151.0, 453.0, 497.0, -310.0, 339.0, 383.0, 23.0, -85.0, 147.0, 428.0, 314.0, -176.0, -157.0, 41.0, 61.0, -446.0, -20.0, 199.0, 90.0, 83.0, 285.0, -45.0, 208.0, 381.0, -168.0, 152.0, 482.0, -474.0, -90.0, 333.0, -116.0, -95.0, -112.0, -448.0, 6.0, -489.0, -295.0, -352.0, -249.0, 283.0, -309.0, -320.0, 370.0, -187.0, 200.0, -111.0, 491.0, 440.0, 95.0, 70.0, 278.0, -248.0, -493.0, 264.0, 446.0, -122.0, -482.0, -413.0, 89.0, -491.0, 0.0, 276.0, 120.0, -288.0, -407.0, -133.0, -390.0, 129.0, 293.0, -492.0, -148.0, 330.0, -44.0, 144.0, 487.0, -237.0, 425.0, 392.0, 76.0, -488.0, 237.0, 124.0, -286.0, 281.0, -142.0, 155.0, -260.0, -136.0, 56.0, -464.0, -324.0, -156.0, 156.0, -432.0, -129.0, -322.0, 59.0, -405.0, -313.0, -377.0, 318.0, 194.0, 463.0, 419.0, 325.0, -315.0, -143.0, 244.0, -180.0, 341.0, -147.0, -128.0, -188.0, -43.0, 465.0, -275.0, -333.0, -305.0, 476.0, 93.0, 51.0, -152.0, 425.0, 425.0, -368.0, -305.0, 197.0, 233.0, 194.0, -132.0, -465.0, 284.0, 393.0, 249.0, -34.0, -470.0, -430.0, -360.0, -212.0, -426.0, -121.0, 102.0, -158.0, 288.0, -449.0, 281.0, -360.0, -23.0, 280.0, 296.0, -65.0, 344.0, -283.0, 2.0, -109.0, 77.0, 264.0, -176.0, 357.0, 26.0, -295.0, -380.0, 261.0, 461.0, 37.0, 75.0, 406.0, -182.0, -200.0, -420.0, -239.0, -87.0, 28.0, -22.0, 393.0, 284.0, 211.0, -110.0, 383.0, 304.0, 8.0, 166.0, 311.0, 34.0, 205.0, -282.0, 44.0, 114.0, 411.0, -302.0, -346.0, -260.0, -107.0, -40.0, -29.0, 250.0, 6.0, -90.0, -448.0, -138.0, 289.0, 357.0, -409.0, -339.0, -217.0, 110.0, 54.0, -444.0, 226.0, 87.0, -181.0, -449.0, 437.0, -421.0, 230.0, 197.0, -257.0, -275.0, 498.0, -279.0, -479.0, -189.0, -207.0, -109.0, 27.0, -60.0, -381.0, -430.0, -55.0, -95.0, 270.0, -296.0, 163.0, 143.0, -274.0, -468.0, -59.0, 325.0, -185.0, -454.0, -372.0, -285.0, -105.0, 370.0, -384.0, 121.0, -22.0, -322.0, -235.0, 273.0, -64.0, -138.0, -112.0, 297.0, -413.0, -218.0, -198.0, 259.0, -187.0, 362.0, -4.0, 203.0, -462.0, 72.0, -91.0, -77.0, 303.0, -406.0, 482.0, 317.0, 279.0, 397.0, 307.0, -183.0, 217.0, -463.0, -68.0, 288.0, 162.0, 476.0, -164.0, 425.0, -381.0, 107.0, 58.0, -358.0, 134.0, 4.0, 337.0, -108.0, -282.0, -282.0, 19.0, 245.0, -110.0, 246.0, 457.0, -4.0, 213.0, -98.0, 32.0, -194.0, 274.0, 459.0, 175.0, 243.0, 247.0, 496.0, 203.0, -153.0, 125.0, -453.0, -261.0, -316.0, 298.0, 35.0, 134.0, -400.0, 293.0, 293.0, 47.0, -371.0, 448.0, -43.0, -329.0, 153.0, 142.0, 360.0, 149.0, -92.0, 45.0, 327.0, 4.0, 123.0, -249.0, 163.0, -351.0, 208.0, 119.0, 30.0, -252.0, -455.0, -317.0, 128.0, -24.0, -88.0, 398.0, -179.0, -32.0, 348.0, 428.0, 366.0, 432.0, -330.0, -159.0, -112.0, 169.0, -367.0, -68.0, -399.0, -434.0, -422.0, -317.0, 422.0, 333.0, -140.0, -282.0, 321.0, 130.0, -88.0, 257.0, 187.0, 123.0, -420.0, -391.0, 259.0, -48.0, 37.0, -348.0, 482.0, -313.0, -18.0, 39.0, -208.0, 390.0, -134.0, -362.0, 354.0, -93.0, -418.0, -423.0, -435.0, -130.0, 455.0, 153.0, 329.0, -165.0, -383.0, -216.0, 142.0, -154.0, 149.0, -208.0, -107.0, -102.0, 415.0, -31.0, 360.0, 290.0, -191.0, -452.0, -334.0, 182.0, -185.0, 301.0, 412.0, 92.0, -182.0, -291.0, 457.0, -349.0, -384.0, -98.0, -157.0, 339.0, 280.0, 176.0, 346.0, 468.0, 399.0, -29.0, -46.0, -441.0, 231.0, 33.0, -492.0, 58.0, 31.0, -475.0, -313.0, 279.0, -101.0, -47.0, -487.0, -293.0, 127.0, 283.0, 135.0, -104.0, 354.0, -419.0, -83.0, -482.0, 214.0, -401.0, -441.0, 224.0, 430.0, 362.0, -41.0, -26.0, -296.0, -294.0, 467.0, -158.0, -215.0, 127.0, 19.0, -198.0, 315.0, 110.0, -248.0, -102.0, -263.0, -386.0, -422.0, 362.0, -330.0, 426.0, -205.0, -496.0, -191.0, 41.0, 156.0, 212.0, -478.0, -488.0, 295.0, 133.0, -339.0, -131.0, 86.0, -268.0, -250.0, 415.0, -385.0, 330.0, -408.0, 158.0, -323.0, -410.0, -238.0, -221.0, 74.0, 92.0, 233.0, 12.0, 306.0, -12.0, -351.0, -71.0, -354.0, 17.0, -335.0, 479.0, -331.0, -318.0, -61.0, 359.0, 99.0, 135.0, 20.0, 291.0, 103.0, 434.0, -77.0, -202.0, -369.0, -25.0, -488.0, 34.0, 482.0, 36.0, -23.0, -267.0, -223.0, 144.0, -69.0, 412.0, -459.0, 181.0, -161.0, -452.0, -154.0, -441.0, 393.0, -174.0, -133.0, -357.0, 82.0, 287.0, 366.0, -357.0, -76.0, 41.0, -319.0, -428.0, -443.0, 73.0, -203.0, 305.0, 325.0, -29.0, -347.0, -20.0, 490.0, 139.0, 103.0, -357.0, 163.0, 296.0, -408.0, 17.0, -241.0, 347.0, -371.0, -338.0, -475.0, -47.0, 206.0, -13.0, -493.0, 448.0, 449.0, -266.0, 156.0, 89.0, 96.0, -136.0, -105.0, -285.0, -352.0, 285.0, 470.0, -65.0, -338.0, 105.0, 203.0, -336.0, 119.0, 144.0, 352.0, -197.0, 115.0, -270.0, 341.0, -76.0, 41.0, 476.0, 484.0, -416.0, 82.0, -211.0, 11.0, -333.0, 409.0, 332.0, 479.0, -382.0, -409.0, 4.0, 292.0, 55.0, 246.0, 404.0, -451.0, -205.0, 55.0, 82.0, 90.0, 29.0, 424.0, -187.0, -100.0, -210.0, -123.0, -283.0, 282.0, -124.0, -13.0, -220.0, 426.0, 315.0, -243.0, -476.0, 412.0, 374.0, 291.0, -314.0, -448.0, -15.0, 137.0, -277.0, 128.0, 289.0, -357.0, -38.0, -193.0, -250.0, 246.0, -407.0, 48.0, 129.0, 300.0, -379.0, -316.0, -142.0, 345.0, -105.0, -197.0, -198.0, -219.0, 446.0, -448.0, 19.0, 406.0, -288.0, -197.0, -308.0, 280.0, -212.0, -327.0, -386.0, 343.0, 150.0, -459.0, -119.0, 359.0, -371.0, -322.0, -447.0, 327.0, 215.0, -128.0, 72.0, -278.0, 452.0, 474.0, -331.0, -255.0, -61.0, -300.0, 160.0, 44.0, -101.0, -100.0, 360.0, 297.0, 323.0, -413.0, -270.0, -287.0, 343.0, -253.0, -103.0, 178.0, 20.0, -371.0, 286.0, -21.0, -76.0, 11.0, -489.0, -396.0, -343.0, 71.0, -368.0, -480.0, -264.0, 278.0, 69.0, 307.0, -91.0, 490.0, 294.0, -155.0, -335.0, 66.0, -414.0, 192.0, -333.0, -477.0, 58.0, 221.0, -143.0, 83.0, -269.0, -191.0, 182.0, 427.0, 251.0, 397.0, -31.0, 350.0, 73.0, -323.0, 219.0, 114.0, 17.0, 349.0, -207.0, -61.0, 417.0, -215.0, 145.0, 60.0, 451.0, -470.0, -458.0, 357.0, 437.0, -164.0, 81.0, 80.0, 68.0, -390.0, 192.0, 179.0, 171.0, 59.0, 113.0, 243.0, 308.0, 395.0, 313.0, 208.0, 427.0, -440.0, -352.0, 95.0, -81.0, 349.0, -459.0, 84.0, -325.0, -102.0, -173.0, 422.0, -138.0, -291.0, 109.0, -414.0, -19.0, -458.0, -250.0, 219.0, 233.0, -439.0, 325.0, 136.0, -252.0, 218.0, 372.0, -99.0, 319.0, 120.0, 424.0, 1.0, -446.0, -22.0, 82.0, -243.0, 426.0, -386.0, 5.0, -10.0, -440.0, -418.0, 285.0, 330.0, 152.0, -266.0, -360.0, -435.0, -16.0, -484.0, 412.0, -121.0, -468.0, 486.0, -271.0, 10.0, -476.0, 104.0, 317.0, 180.0, 236.0, 55.0, 229.0, 115.0, 51.0, 152.0, 62.0, 48.0, 401.0, 378.0, 436.0, 53.0, -101.0, 383.0, -264.0, -63.0, -304.0, -209.0, 382.0, 190.0, 26.0, 476.0, 48.0, 146.0, 496.0, -356.0, -351.0, 59.0, 383.0, 238.0, -466.0, 39.0, 98.0, 336.0, -273.0, -432.0, -382.0, 23.0, 453.0, -10.0, -304.0, -42.0, -416.0, 421.0, 95.0, -436.0, 13.0, 1.0, -218.0, -345.0, -411.0, 64.0, -201.0, 374.0, -203.0, -36.0, -31.0, 108.0, 396.0, 179.0, 198.0, 460.0, -415.0, 156.0, -162.0, -116.0, -340.0, -182.0, -165.0, -131.0, -218.0, -389.0, 5.0, -61.0, 474.0, 337.0, 328.0, 471.0, 494.0, -382.0, -419.0, 332.0, 290.0, 202.0, -295.0, -49.0, -210.0, 113.0, 261.0, 481.0, -198.0, 304.0, 234.0, -153.0, -124.0, -3.0, -317.0, 202.0, 55.0, -242.0, -51.0, -92.0, -55.0, -432.0, 449.0, 413.0, -481.0, 303.0, -332.0, 242.0, -240.0, 39.0, 270.0, 43.0, 255.0, -295.0, 42.0, -51.0, 216.0, 218.0, -78.0, 34.0, 6.0, 376.0, -335.0, -170.0, 444.0, -319.0, 173.0, 89.0, -43.0, 389.0, 33.0, 473.0, 453.0, 144.0, 112.0, -405.0, 6.0, 171.0, -113.0, -165.0, -217.0, 179.0, 120.0, -360.0, 407.0, 47.0, 28.0, -5.0, 457.0, 57.0, -77.0, -226.0, -345.0, 157.0, 137.0, -457.0, -224.0, 456.0, 101.0, 358.0, -241.0, 362.0, -170.0, 279.0, 334.0, -392.0, -243.0, -6.0, 3.0, 154.0, 181.0, 390.0, 379.0, 411.0, -223.0, 308.0, -248.0, 185.0, 408.0, 45.0, -448.0, 289.0, 280.0, -31.0, -389.0, 90.0, 122.0, -206.0, -61.0, 364.0, -167.0, 482.0, -151.0, -249.0, 126.0, 138.0, -247.0, -124.0, -424.0, -134.0, 265.0, -421.0, -496.0, -95.0, -236.0, -279.0, -261.0, -61.0, -100.0, -295.0, 8.0, -1.0, 436.0, -415.0, -201.0, -328.0, -64.0, -10.0, 401.0, -16.0, 456.0, 463.0, 309.0, -101.0, -93.0, -257.0, -483.0, -131.0, -209.0, 83.0, 59.0, 493.0, 40.0, 174.0, -459.0, -242.0, -45.0, 456.0, -12.0, -120.0, -217.0, -291.0, -184.0, -210.0, 394.0, -357.0, -266.0, 458.0, -26.0, 104.0, -81.0, 407.0, -326.0, -225.0, -445.0, 328.0, -127.0, -241.0, -396.0, -82.0, 202.0, -185.0, -40.0, -273.0, -455.0, 230.0, -59.0, 429.0, -15.0, -368.0, 324.0, -185.0, -350.0, -424.0, -145.0, -482.0, -148.0, -97.0, -29.0, 165.0, 313.0, -76.0, 490.0, 430.0, -372.0, 197.0, 272.0, -104.0, -324.0, -346.0, 293.0, -271.0, 147.0, -111.0, 234.0, 373.0, -276.0, 200.0, -362.0, -94.0, 449.0, 447.0, -300.0, 180.0, 279.0, 289.0, -128.0, -180.0, -138.0, -265.0, -169.0, 173.0, -408.0, 481.0, 29.0, 325.0, -171.0, 301.0, -294.0, -297.0, -420.0, -236.0, -385.0, -434.0, -237.0, -63.0, -454.0, 150.0, -142.0, 128.0, -77.0, 90.0, -351.0, 284.0, -281.0, -482.0, 244.0, -36.0, 279.0, 68.0, 383.0, 418.0, -15.0, 491.0, 345.0, 17.0, -18.0, -489.0, 497.0, 191.0, 439.0, 80.0, -425.0, -102.0, 137.0, -5.0, 439.0, 268.0, -347.0, 55.0, -374.0, 434.0, -147.0, 484.0, 433.0, 280.0, 415.0, -323.0, 26.0, 476.0, 255.0, -269.0, -85.0, -113.0, -61.0, 188.0, -198.0, -367.0, -1.0, -347.0, 479.0, 217.0, -282.0, 109.0, -229.0, -93.0, 56.0, 268.0, 257.0, -451.0, -481.0, 347.0, 443.0, -473.0, -167.0, -311.0, -73.0, 300.0, -130.0, 30.0, 73.0, -500.0, -168.0, 330.0, -129.0, 408.0, -171.0, -166.0, 432.0, -368.0, 49.0, -317.0, -214.0, -179.0, -317.0, 183.0, -21.0, 410.0, 337.0, -142.0, -436.0, -371.0, 402.0, -10.0, -144.0, -383.0, -78.0, 340.0, 310.0, 492.0, -87.0, 74.0, -1.0, -209.0, 430.0, 213.0, 128.0, 270.0, -260.0, -244.0, -383.0, -223.0, -489.0, 493.0, 393.0, 230.0, -260.0, -29.0, 226.0, 272.0, -300.0, 247.0, 297.0, -492.0, 106.0, -182.0, 218.0, 289.0, -334.0, 338.0, 356.0, -365.0, 440.0, 218.0, 268.0, 6.0, -420.0, -213.0, -416.0, 218.0, 238.0, 338.0, -193.0, -480.0, 179.0, 131.0, -112.0, -334.0, 487.0, -215.0, 306.0, 311.0, -472.0, -78.0, 251.0, -230.0, 309.0, 448.0, 238.0, -473.0, -376.0, 200.0, 359.0, 418.0, 499.0, 203.0, -413.0, -59.0, -207.0, 253.0, -451.0, 121.0, -69.0, 334.0, 27.0, 315.0, -402.0, 307.0, 424.0, -257.0, 20.0, -100.0, 379.0, 0.0, 7.0, -116.0, 475.0, 397.0, -465.0, -25.0, 341.0, -460.0, 386.0, 455.0, 373.0, 305.0, 498.0, -486.0, 288.0, -396.0, -364.0, 477.0, -424.0, 445.0, 146.0, -21.0, -381.0, -14.0, -70.0, -329.0, 27.0, -25.0, 351.0, 90.0, -392.0, -290.0, -126.0, 312.0, 336.0, 260.0, -201.0, 212.0, 246.0, 18.0, 240.0, 381.0, 346.0, -249.0, 298.0, 27.0, -196.0, 473.0, -326.0, 195.0, 220.0, 328.0, 365.0, -72.0, 119.0, 53.0, -112.0, 394.0, -225.0, 420.0, 204.0, -30.0, 396.0, -330.0, -389.0, -145.0, -151.0, 32.0, -477.0, 74.0, -102.0, 236.0, -457.0, 497.0, -167.0, -247.0, -493.0, 207.0, -255.0, 303.0, 327.0, -124.0, -283.0, 109.0, 354.0, 344.0, 202.0, 5.0, -320.0, -413.0, -351.0, -187.0, 170.0, -365.0, -365.0, 123.0, 84.0, -280.0, 240.0, 368.0, -148.0, -180.0, 128.0, 239.0, -214.0, 281.0, 46.0, -45.0, 438.0, 231.0, 272.0, -319.0, 126.0, 403.0, -306.0, -379.0, -36.0, 429.0, -184.0, 20.0, -163.0, 117.0, -227.0, 103.0, 351.0, 36.0, 392.0, -206.0, 132.0, -466.0, -82.0, 103.0, -188.0, 392.0, 285.0, 324.0, 363.0, 122.0, 241.0, 430.0, 63.0, 340.0, -20.0, -291.0, -235.0, -382.0, 150.0, 256.0, -164.0, 458.0, -290.0, 183.0, 31.0, 37.0, 444.0, 216.0, -199.0, 131.0, -329.0, 48.0, -355.0, 116.0, 412.0, -500.0, -73.0, 344.0, -24.0, -334.0, 56.0, 230.0, 39.0, 454.0, 98.0, 353.0, -136.0, -117.0, 378.0, 285.0, -321.0, 23.0, 138.0, -327.0, 267.0, 73.0, 26.0, -387.0, 421.0, -118.0, -400.0, 160.0, 71.0, -470.0, -330.0, -447.0, 404.0, 314.0, -261.0, 358.0, 359.0, 111.0, 245.0, 222.0, -241.0, 334.0, -302.0, -285.0, -87.0, -237.0, 74.0, -423.0, -490.0, 45.0, 76.0, -13.0, 117.0, 108.0, 297.0, -382.0, -25.0, 400.0, -209.0, 9.0, 285.0, 429.0, 309.0, 260.0, -214.0, 220.0, 83.0, 205.0, -438.0, 131.0, -174.0, 128.0, 208.0, -486.0, 288.0, -72.0, -293.0, 81.0, 332.0, 368.0, 251.0, 3.0, 7.0, -392.0, -329.0, -354.0, 343.0, 85.0, -9.0, 371.0, -318.0, 303.0, 403.0, -193.0, -414.0, -178.0, -338.0, -163.0, 223.0, -97.0, -357.0, -171.0, 187.0, 61.0, 32.0, -346.0, -412.0, 226.0, -283.0, 222.0, -32.0, 435.0, -116.0, -481.0, 346.0, 290.0, 124.0, 483.0, -382.0, 259.0, -40.0, -257.0, 78.0, -117.0, 269.0, -117.0, 42.0, -31.0, 45.0, 73.0, -297.0, 12.0, -211.0, -402.0, -308.0, -273.0, 403.0, 266.0, -235.0, 457.0, 478.0, 319.0, -148.0, -337.0, -145.0, -25.0, -410.0, -475.0, 499.0, 491.0, -374.0, -458.0, 35.0, 247.0, 53.0, 306.0, 25.0, -271.0, 17.0, 122.0, -225.0, -80.0, -349.0, -414.0, -436.0, 224.0, 262.0, 246.0, 102.0, -70.0, -347.0, -435.0, 106.0, 199.0, 421.0, -281.0, -157.0, 395.0, -222.0, 295.0, -210.0, 25.0, 326.0, -108.0, 476.0, 468.0, -44.0, 348.0, 28.0, 298.0, -494.0, -273.0, 74.0, -371.0, -350.0, 287.0, 464.0, -83.0, 454.0, 394.0, 355.0, -127.0, -244.0, -246.0, -466.0, 246.0, 456.0, 352.0, -312.0, 241.0, -35.0, 85.0, 20.0, 107.0, 71.0, 479.0, -399.0, -62.0, 399.0, 401.0, 7.0, 344.0, 282.0, 273.0, 260.0, -117.0, 346.0, -164.0, -105.0, 281.0, 497.0, 240.0, 228.0, -478.0, 460.0, 477.0, 125.0, 109.0, -19.0, 92.0, 294.0, -68.0, 10.0, 254.0, -389.0, -24.0, 269.0, -328.0, -62.0, 87.0, -473.0], 'hr': 72.0, 'text': 'test request'}
2025-04-14 14:21:26.598 | DEBUG    | aisleep.api.main:predict_sleep_stage:377 - 信号验证通过，hr_value=72.0
2025-04-14 14:21:26.627 | DEBUG    | aisleep.api.main:predict_sleep_stage:389 - 模型推理完成，预测结果: 2
2025-04-14 14:21:26.629 | ERROR    | aisleep.api.main:combined_middleware:296 - 请求错误: 1 validation errors:
  {'type': 'missing', 'loc': ('response', 'inference_ms'), 'msg': 'Field required', 'input': {'prediction': 2, 'prediction_label': 'REM', 'probabilities': [1.6720585804819166e-08, 0.023608272895216942, 0.5061931014060974, 0.4701986610889435, 1.3837180290465767e-08], 'hr': 72.0, 'debug_info': {'hr_value': 72.0, 'signal_length': 3000}}}

2025-04-14 14:21:26.795 | INFO     | aisleep.api.main:lifespan:139 - System shutdown
2025-04-14 14:21:30.726 | INFO     | aisleep.api.main:<module>:195 - Prometheus metrics enabled
2025-04-14 14:21:30.733 | INFO     | aisleep.api.main:lifespan:107 - Starting system...
2025-04-14 14:21:30.734 | INFO     | aisleep.api.main:lifespan:110 - 正在初始化Redis缓存...
2025-04-14 14:21:30.734 | INFO     | aisleep.api.main:lifespan:112 - 正在加载模型...
2025-04-14 14:21:30.738 | WARNING  | aisleep.api.main:lifespan:121 - CUDA设备未找到，将使用CPU进行推理
2025-04-14 14:21:30.738 | INFO     | aisleep.api.main:lifespan:126 - Model loaded successfully
2025-04-14 14:21:30.740 | INFO     | aisleep.api.main:lifespan:130 - System initialized
2025-04-14 14:21:58.790 | INFO     | aisleep.api.main:lifespan:139 - System shutdown
2025-04-14 14:22:02.721 | INFO     | aisleep.api.main:<module>:195 - Prometheus metrics enabled
2025-04-14 14:22:02.728 | INFO     | aisleep.api.main:lifespan:107 - Starting system...
2025-04-14 14:22:02.728 | INFO     | aisleep.api.main:lifespan:110 - 正在初始化Redis缓存...
2025-04-14 14:22:02.728 | INFO     | aisleep.api.main:lifespan:112 - 正在加载模型...
2025-04-14 14:22:02.733 | WARNING  | aisleep.api.main:lifespan:121 - CUDA设备未找到，将使用CPU进行推理
2025-04-14 14:22:02.733 | INFO     | aisleep.api.main:lifespan:126 - Model loaded successfully
2025-04-14 14:22:02.735 | INFO     | aisleep.api.main:lifespan:130 - System initialized
2025-04-14 14:22:02.736 | INFO     | aisleep.api.main:lifespan:139 - System shutdown
2025-04-14 14:22:06.613 | INFO     | aisleep.api.main:<module>:195 - Prometheus metrics enabled
2025-04-14 14:22:06.621 | INFO     | aisleep.api.main:lifespan:107 - Starting system...
2025-04-14 14:22:06.621 | INFO     | aisleep.api.main:lifespan:110 - 正在初始化Redis缓存...
2025-04-14 14:22:06.621 | INFO     | aisleep.api.main:lifespan:112 - 正在加载模型...
2025-04-14 14:22:06.626 | WARNING  | aisleep.api.main:lifespan:121 - CUDA设备未找到，将使用CPU进行推理
2025-04-14 14:22:06.626 | INFO     | aisleep.api.main:lifespan:126 - Model loaded successfully
2025-04-14 14:22:06.628 | INFO     | aisleep.api.main:lifespan:130 - System initialized
2025-04-14 14:27:50.031 | INFO     | aisleep.api.main:<module>:195 - Prometheus metrics enabled
2025-04-14 14:27:50.038 | INFO     | aisleep.api.main:lifespan:107 - Starting system...
2025-04-14 14:27:50.038 | INFO     | aisleep.api.main:lifespan:110 - 正在初始化Redis缓存...
2025-04-14 14:27:50.039 | INFO     | aisleep.api.main:lifespan:112 - 正在加载模型...
2025-04-14 14:27:50.044 | WARNING  | aisleep.api.main:lifespan:121 - CUDA设备未找到，将使用CPU进行推理
2025-04-14 14:27:50.044 | INFO     | aisleep.api.main:lifespan:126 - Model loaded successfully
2025-04-14 14:27:50.046 | INFO     | aisleep.api.main:lifespan:130 - System initialized
2025-04-14 14:29:50.663 | INFO     | aisleep.api.main:lifespan:139 - System shutdown
2025-04-14 14:29:54.727 | INFO     | aisleep.api.main:<module>:195 - Prometheus metrics enabled
2025-04-14 14:29:54.735 | INFO     | aisleep.api.main:lifespan:107 - Starting system...
2025-04-14 14:29:54.735 | INFO     | aisleep.api.main:lifespan:110 - 正在初始化Redis缓存...
2025-04-14 14:29:54.735 | INFO     | aisleep.api.main:lifespan:112 - 正在加载模型...
2025-04-14 14:29:54.740 | WARNING  | aisleep.api.main:lifespan:121 - CUDA设备未找到，将使用CPU进行推理
2025-04-14 14:29:54.740 | INFO     | aisleep.api.main:lifespan:126 - Model loaded successfully
2025-04-14 14:29:54.741 | INFO     | aisleep.api.main:lifespan:130 - System initialized
2025-04-14 14:31:18.670 | INFO     | aisleep.api.main:<module>:195 - Prometheus metrics enabled
2025-04-14 14:31:18.677 | INFO     | aisleep.api.main:lifespan:107 - Starting system...
2025-04-14 14:31:18.677 | INFO     | aisleep.api.main:lifespan:110 - 正在初始化Redis缓存...
2025-04-14 14:31:18.678 | INFO     | aisleep.api.main:lifespan:112 - 正在加载模型...
2025-04-14 14:31:18.683 | WARNING  | aisleep.api.main:lifespan:121 - CUDA设备未找到，将使用CPU进行推理
2025-04-14 14:31:18.683 | INFO     | aisleep.api.main:lifespan:126 - Model loaded successfully
2025-04-14 14:31:18.685 | INFO     | aisleep.api.main:lifespan:130 - System initialized
2025-04-14 14:32:05.632 | INFO     | aisleep.api.main:lifespan:139 - System shutdown
2025-04-14 14:32:09.571 | INFO     | aisleep.api.main:<module>:195 - Prometheus metrics enabled
2025-04-14 14:32:09.579 | INFO     | aisleep.api.main:lifespan:107 - Starting system...
2025-04-14 14:32:09.579 | INFO     | aisleep.api.main:lifespan:110 - 正在初始化Redis缓存...
2025-04-14 14:32:09.579 | INFO     | aisleep.api.main:lifespan:112 - 正在加载模型...
2025-04-14 14:32:09.584 | WARNING  | aisleep.api.main:lifespan:121 - CUDA设备未找到，将使用CPU进行推理
2025-04-14 14:32:09.584 | INFO     | aisleep.api.main:lifespan:126 - Model loaded successfully
2025-04-14 14:32:09.586 | INFO     | aisleep.api.main:lifespan:130 - System initialized
2025-04-14 14:32:22.909 | INFO     | aisleep.api.main:lifespan:139 - System shutdown
2025-04-14 14:32:27.069 | INFO     | aisleep.api.main:<module>:195 - Prometheus metrics enabled
2025-04-14 14:32:27.076 | INFO     | aisleep.api.main:lifespan:107 - Starting system...
2025-04-14 14:32:27.076 | INFO     | aisleep.api.main:lifespan:110 - 正在初始化Redis缓存...
2025-04-14 14:32:27.077 | INFO     | aisleep.api.main:lifespan:112 - 正在加载模型...
2025-04-14 14:32:27.080 | WARNING  | aisleep.api.main:lifespan:121 - CUDA设备未找到，将使用CPU进行推理
2025-04-14 14:32:27.081 | INFO     | aisleep.api.main:lifespan:126 - Model loaded successfully
2025-04-14 14:32:27.083 | INFO     | aisleep.api.main:lifespan:130 - System initialized
2025-04-14 14:32:31.013 | INFO     | aisleep.api.main:lifespan:139 - System shutdown
2025-04-14 14:32:34.957 | INFO     | aisleep.api.main:<module>:195 - Prometheus metrics enabled
2025-04-14 14:32:34.964 | INFO     | aisleep.api.main:lifespan:107 - Starting system...
2025-04-14 14:32:34.965 | INFO     | aisleep.api.main:lifespan:110 - 正在初始化Redis缓存...
2025-04-14 14:32:34.965 | INFO     | aisleep.api.main:lifespan:112 - 正在加载模型...
2025-04-14 14:32:34.969 | WARNING  | aisleep.api.main:lifespan:121 - CUDA设备未找到，将使用CPU进行推理
2025-04-14 14:32:34.970 | INFO     | aisleep.api.main:lifespan:126 - Model loaded successfully
2025-04-14 14:32:34.971 | INFO     | aisleep.api.main:lifespan:130 - System initialized
2025-04-14 14:32:35.702 | INFO     | aisleep.api.main:lifespan:139 - System shutdown
2025-04-14 14:32:39.683 | INFO     | aisleep.api.main:<module>:195 - Prometheus metrics enabled
2025-04-14 14:32:39.691 | INFO     | aisleep.api.main:lifespan:107 - Starting system...
2025-04-14 14:32:39.691 | INFO     | aisleep.api.main:lifespan:110 - 正在初始化Redis缓存...
2025-04-14 14:32:39.691 | INFO     | aisleep.api.main:lifespan:112 - 正在加载模型...
2025-04-14 14:32:39.696 | WARNING  | aisleep.api.main:lifespan:121 - CUDA设备未找到，将使用CPU进行推理
2025-04-14 14:32:39.696 | INFO     | aisleep.api.main:lifespan:126 - Model loaded successfully
2025-04-14 14:32:39.699 | INFO     | aisleep.api.main:lifespan:130 - System initialized
2025-04-14 14:33:11.956 | INFO     | aisleep.api.main:combined_middleware:302 - GET /deep-test - 404
2025-04-14 14:34:35.561 | INFO     | aisleep.api.main:combined_middleware:302 - GET /deep-test - 404
2025-04-14 14:35:06.805 | INFO     | aisleep.api.main:combined_middleware:302 - GET /deep-test - 404
2025-04-14 14:37:31.663 | INFO     | aisleep.api.main:lifespan:139 - System shutdown
2025-04-14 14:37:35.724 | INFO     | aisleep.api.main:<module>:195 - Prometheus metrics enabled
2025-04-14 14:37:35.731 | INFO     | aisleep.api.main:lifespan:107 - Starting system...
2025-04-14 14:37:35.731 | INFO     | aisleep.api.main:lifespan:110 - 正在初始化Redis缓存...
2025-04-14 14:37:35.732 | INFO     | aisleep.api.main:lifespan:112 - 正在加载模型...
2025-04-14 14:37:35.736 | WARNING  | aisleep.api.main:lifespan:121 - CUDA设备未找到，将使用CPU进行推理
2025-04-14 14:37:35.737 | INFO     | aisleep.api.main:lifespan:126 - Model loaded successfully
2025-04-14 14:37:35.738 | INFO     | aisleep.api.main:lifespan:130 - System initialized
2025-04-14 14:38:27.377 | INFO     | aisleep.api.main:lifespan:139 - System shutdown
2025-04-14 14:38:31.282 | INFO     | aisleep.api.main:<module>:195 - Prometheus metrics enabled
2025-04-14 14:38:31.289 | INFO     | aisleep.api.main:lifespan:107 - Starting system...
2025-04-14 14:38:31.290 | INFO     | aisleep.api.main:lifespan:110 - 正在初始化Redis缓存...
2025-04-14 14:38:31.290 | INFO     | aisleep.api.main:lifespan:112 - 正在加载模型...
2025-04-14 14:38:31.295 | WARNING  | aisleep.api.main:lifespan:121 - CUDA设备未找到，将使用CPU进行推理
2025-04-14 14:38:31.295 | INFO     | aisleep.api.main:lifespan:126 - Model loaded successfully
2025-04-14 14:38:31.297 | INFO     | aisleep.api.main:lifespan:130 - System initialized
2025-04-14 14:38:51.420 | INFO     | aisleep.api.main:combined_middleware:302 - GET /api/v1/deep-test - 404
2025-04-14 14:43:27.327 | INFO     | aisleep.api.main:lifespan:139 - System shutdown
2025-04-14 14:43:31.319 | INFO     | aisleep.api.main:<module>:195 - Prometheus metrics enabled
2025-04-14 14:43:31.327 | INFO     | aisleep.api.main:lifespan:107 - Starting system...
2025-04-14 14:43:31.328 | INFO     | aisleep.api.main:lifespan:110 - 正在初始化Redis缓存...
2025-04-14 14:43:31.328 | INFO     | aisleep.api.main:lifespan:112 - 正在加载模型...
2025-04-14 14:43:31.333 | WARNING  | aisleep.api.main:lifespan:121 - CUDA设备未找到，将使用CPU进行推理
2025-04-14 14:43:31.333 | INFO     | aisleep.api.main:lifespan:126 - Model loaded successfully
2025-04-14 14:43:31.335 | INFO     | aisleep.api.main:lifespan:130 - System initialized
2025-04-14 14:48:27.892 | INFO     | aisleep.api.main:lifespan:139 - System shutdown
2025-04-14 14:48:31.932 | INFO     | aisleep.api.main:<module>:199 - Prometheus metrics enabled
2025-04-14 14:48:31.939 | INFO     | aisleep.api.main:lifespan:111 - Starting system...
2025-04-14 14:48:31.940 | INFO     | aisleep.api.main:lifespan:114 - 正在初始化Redis缓存...
2025-04-14 14:48:31.940 | INFO     | aisleep.api.main:lifespan:116 - 正在加载模型...
2025-04-14 14:48:31.945 | WARNING  | aisleep.api.main:lifespan:125 - CUDA设备未找到，将使用CPU进行推理
2025-04-14 14:48:31.945 | INFO     | aisleep.api.main:lifespan:130 - Model loaded successfully
2025-04-14 14:48:31.947 | INFO     | aisleep.api.main:lifespan:134 - System initialized
2025-04-14 14:48:31.948 | INFO     | aisleep.api.main:lifespan:143 - System shutdown
2025-04-14 14:48:35.796 | INFO     | aisleep.api.main:<module>:199 - Prometheus metrics enabled
2025-04-14 14:48:35.803 | INFO     | aisleep.api.main:lifespan:111 - Starting system...
2025-04-14 14:48:35.803 | INFO     | aisleep.api.main:lifespan:114 - 正在初始化Redis缓存...
2025-04-14 14:48:35.804 | INFO     | aisleep.api.main:lifespan:116 - 正在加载模型...
2025-04-14 14:48:35.807 | WARNING  | aisleep.api.main:lifespan:125 - CUDA设备未找到，将使用CPU进行推理
2025-04-14 14:48:35.808 | INFO     | aisleep.api.main:lifespan:130 - Model loaded successfully
2025-04-14 14:48:35.810 | INFO     | aisleep.api.main:lifespan:134 - System initialized
2025-04-14 14:52:48.159 | ERROR    | aisleep.api.main:deep_test:458 - 深度测试失败: 'SleepAIAgent' object has no attribute 'check_db_connection'
2025-04-14 14:52:48.161 | INFO     | aisleep.api.main:combined_middleware:306 - GET /api/v1/deep-test - 500
2025-04-14 14:52:48.265 | INFO     | aisleep.api.main:lifespan:143 - System shutdown
2025-04-14 14:52:52.248 | INFO     | aisleep.api.main:<module>:199 - Prometheus metrics enabled
2025-04-14 14:52:52.256 | INFO     | aisleep.api.main:lifespan:111 - Starting system...
2025-04-14 14:52:52.257 | INFO     | aisleep.api.main:lifespan:114 - 正在初始化Redis缓存...
2025-04-14 14:52:52.257 | INFO     | aisleep.api.main:lifespan:116 - 正在加载模型...
2025-04-14 14:52:52.261 | WARNING  | aisleep.api.main:lifespan:125 - CUDA设备未找到，将使用CPU进行推理
2025-04-14 14:52:52.261 | INFO     | aisleep.api.main:lifespan:130 - Model loaded successfully
2025-04-14 14:52:52.263 | INFO     | aisleep.api.main:lifespan:134 - System initialized
2025-04-14 14:53:04.572 | ERROR    | aisleep.api.main:deep_test:458 - 深度测试失败: 'SleepAIAgent' object has no attribute 'check_db_connection'
2025-04-14 14:53:04.572 | INFO     | aisleep.api.main:combined_middleware:306 - GET /api/v1/deep-test - 500
2025-04-14 14:56:48.288 | ERROR    | aisleep.api.main:deep_test:458 - 深度测试失败: 'SleepAIAgent' object has no attribute 'check_db_connection'
2025-04-14 14:56:48.289 | INFO     | aisleep.api.main:combined_middleware:306 - GET /api/v1/deep-test - 500
2025-04-14 14:56:48.432 | INFO     | aisleep.api.main:lifespan:143 - System shutdown
2025-04-14 14:56:52.350 | INFO     | aisleep.api.main:<module>:199 - Prometheus metrics enabled
2025-04-14 14:56:52.356 | INFO     | aisleep.api.main:lifespan:111 - Starting system...
2025-04-14 14:56:52.357 | INFO     | aisleep.api.main:lifespan:114 - 正在初始化Redis缓存...
2025-04-14 14:56:52.357 | INFO     | aisleep.api.main:lifespan:116 - 正在加载模型...
2025-04-14 14:56:52.360 | WARNING  | aisleep.api.main:lifespan:125 - CUDA设备未找到，将使用CPU进行推理
2025-04-14 14:56:52.362 | INFO     | aisleep.api.main:lifespan:130 - Model loaded successfully
2025-04-14 14:56:52.364 | INFO     | aisleep.api.main:lifespan:134 - System initialized
2025-04-14 14:56:52.365 | INFO     | aisleep.api.main:lifespan:143 - System shutdown
2025-04-14 14:56:56.233 | INFO     | aisleep.api.main:<module>:199 - Prometheus metrics enabled
2025-04-14 14:56:56.240 | INFO     | aisleep.api.main:lifespan:111 - Starting system...
2025-04-14 14:56:56.240 | INFO     | aisleep.api.main:lifespan:114 - 正在初始化Redis缓存...
2025-04-14 14:56:56.240 | INFO     | aisleep.api.main:lifespan:116 - 正在加载模型...
2025-04-14 14:56:56.246 | WARNING  | aisleep.api.main:lifespan:125 - CUDA设备未找到，将使用CPU进行推理
2025-04-14 14:56:56.246 | INFO     | aisleep.api.main:lifespan:130 - Model loaded successfully
2025-04-14 14:56:56.248 | INFO     | aisleep.api.main:lifespan:134 - System initialized
2025-04-14 15:01:52.277 | INFO     | aisleep.api.main:lifespan:143 - System shutdown
2025-04-14 15:01:56.229 | INFO     | aisleep.api.main:<module>:199 - Prometheus metrics enabled
2025-04-14 15:02:00.101 | INFO     | aisleep.api.main:<module>:199 - Prometheus metrics enabled
2025-04-14 15:02:14.557 | INFO     | aisleep.api.main:<module>:199 - Prometheus metrics enabled
2025-04-14 15:12:37.825 | INFO     | aisleep.api.main:<module>:199 - Prometheus metrics enabled
2025-04-14 15:14:44.178 | INFO     | aisleep.api.main:<module>:199 - Prometheus metrics enabled
2025-04-14 15:18:29.695 | INFO     | aisleep.api.main:<module>:200 - Prometheus metrics enabled
2025-04-14 15:32:12.438 | INFO     | aisleep.api.main:<module>:200 - Prometheus metrics enabled
2025-04-14 15:32:42.071 | INFO     | aisleep.api.main:<module>:200 - Prometheus metrics enabled
2025-04-14 15:32:53.331 | INFO     | aisleep.api.main:<module>:200 - Prometheus metrics enabled
2025-04-14 15:36:19.084 | INFO     | aisleep.api.main:<module>:200 - Prometheus metrics enabled
2025-04-14 15:36:24.912 | INFO     | aisleep.api.main:<module>:200 - Prometheus metrics enabled
2025-04-14 15:36:29.377 | INFO     | aisleep.api.main:<module>:200 - Prometheus metrics enabled
2025-04-14 15:39:14.671 | INFO     | aisleep.api.main:<module>:200 - Prometheus metrics enabled
2025-04-14 15:48:13.922 | INFO     | aisleep.api.main:<module>:200 - Prometheus metrics enabled
2025-04-14 15:48:22.918 | INFO     | aisleep.api.main:<module>:200 - Prometheus metrics enabled
2025-04-14 15:57:59.674 | INFO     | aisleep.api.main:<module>:200 - Prometheus metrics enabled
2025-04-14 16:27:01.731 | INFO     | aisleep.api.main:<module>:200 - Prometheus metrics enabled
2025-04-14 16:27:17.685 | INFO     | aisleep.api.main:<module>:200 - Prometheus metrics enabled
2025-04-14 16:37:00.740 | INFO     | aisleep.api.main:<module>:200 - Prometheus metrics enabled
2025-04-14 16:37:54.135 | INFO     | aisleep.api.main:<module>:200 - Prometheus metrics enabled
2025-04-16 15:53:43.456 | INFO     | aisleep.api.main:<module>:200 - Prometheus metrics enabled
2025-04-16 20:59:48.349 | INFO     | aisleep.api.main:<module>:200 - Prometheus metrics enabled
